"Genomic_Loci","Gene_Name","Gene_Orientation","Gene_Width_(kb)","Obs_TDN_Products","Obs_Patients","Num_Sites_TDN","Num_Sites_Patients","Peak_Abund_TDN","Peak_Abund_Patients","Peak_RelAbund_TDN","Peak_RelAbund_Patients","Longitudinal_Count","Last_Timepoint","Abund_Gini","On_Onco_List","Within_Cluster","Cluster_target.min","Freq_TDN_Sites","Freq_Patient_Sites","Freq_Difference","Percent_Freq_Change","Enrichment","Depletion","Abundance","Longitudinal","Criteria"
"chr15+85380615:85749358","'AKAP13","+",378.744,8,11,11,33,2,27,0.001,0.009,2,360,0.478,TRUE,FALSE,0,0.000000647653295498398,0.00000188813966866013,0.00000124048637316173,191.5,TRUE,FALSE,TRUE,TRUE,"EAL"
"chr1+154220171:154271510","'UBAP2L","+",61.34,12,10,14,32,2,30,0.002,0.013,2,180,0.51,FALSE,TRUE,0.527246214813246,0.00000508955626834549,0.0000113050410831552,0.00000621548481480972,122.1,TRUE,FALSE,TRUE,TRUE,"EAL"
"chr5-178602663:178627053","'CLK4","-",34.391,8,7,9,22,4,53,0.001,0.036,4,120,0.671,FALSE,FALSE,0,0.00000583570542439012,0.000013862572003664,0.00000802686657927389,137.5,TRUE,FALSE,TRUE,TRUE,"EAL"
"chr19+797391:812327","'PTBP1","+",24.937,5,7,6,17,2,47,0.001,0.043,2,360,0.671,TRUE,FALSE,0,0.00000536540736656911,0.0000147730665535808,0.00000940765918701165,175.3,TRUE,FALSE,TRUE,TRUE,"EAL"
"chr4+105145874:105279803","'TET2","+",143.93,4,5,4,15,2,814,0.001,0.989,7,1584,0.915,TRUE,FALSE,0,0.000000619732571389489,0.00000225842603622662,0.00000163869346483713,264.4,TRUE,FALSE,TRUE,TRUE,"EAL"
"chr4-101023429:101347471","'PPP3CA","-",334.043,10,14,19,36,6,5,0.001,0.005,2,180,0.197,FALSE,FALSE,0,0.00000126837268779895,0.00000233542574622379,0.00000106705305842484,84.1,TRUE,FALSE,FALSE,TRUE,"EL"
"chr16-188968:229482","'LUC7L","-",50.515,19,13,67,62,6,30,0.003,0.18,2,548,0.415,FALSE,FALSE,0,0.0000295767262348113,0.0000265972827641084,-0.00000297944347070295,-10.1,FALSE,FALSE,TRUE,TRUE,"AL"
"chr19+6772667:6857366","'VAV1","+",94.7,20,13,53,76,3,37,0.002,0.154,3,180,0.524,TRUE,TRUE,6.6848152464621,0.000012480200044891,0.0000173912000802192,0.00000491100003532815,39.4,FALSE,FALSE,TRUE,TRUE,"AL"
"chr10-63167220:63522075","'JMJD1C","-",364.856,8,12,11,28,2,5,0.001,0.007,2,1095,0.324,FALSE,TRUE,5.28304253313552,0.00000067230578570791,0.00000166303916486408,0.000000990733379156167,147.4,TRUE,FALSE,FALSE,TRUE,"EL"
"chr11+68460717:68615333","'PPP6R3","+",164.617,14,12,27,52,2,149,0.001,0.04,3,60,0.733,FALSE,TRUE,3.15138669424078,0.0000036575033912087,0.00000684533330437441,0.00000318782991316572,87.2,TRUE,FALSE,TRUE,FALSE,"EA"
"chr17-76142452:76240311","'RNF157","-",107.86,19,12,57,69,4,28,0.003,0.063,2,180,0.395,TRUE,FALSE,0,0.0000117844711037574,0.0000138629166810017,0.00000207844557724435,17.6,FALSE,FALSE,TRUE,TRUE,"AL"
"chr16+22437007:22492220","'SMG1P1","+",65.214,11,12,14,31,1,3,0.002,0.043,2,270,0.059,FALSE,TRUE,5.24977286655148,0.00000478721411813893,0.0000103011756588228,0.00000551396154068382,115.2,TRUE,FALSE,FALSE,TRUE,"EL"
"chr19-48208085:48255946","'CARD8","-",57.862,16,11,32,38,4,79,0.002,0.056,4,180,0.694,TRUE,FALSE,0,0.0000123325303653644,0.0000142316775050703,0.00000189914713970595,15.4,FALSE,FALSE,TRUE,TRUE,"AL"
"chr6-44826729:45378051","'SUPT3H","-",561.323,11,11,23,45,2,8,0.001,0.033,2,548,0.269,FALSE,FALSE,0,0.000000913714789435874,0.00000173726317678465,0.000000823548387348778,90.1,TRUE,FALSE,FALSE,TRUE,"EL"
"chr6-43522329:43576075","'XPO5","-",63.747,9,11,14,19,4,26,0.005,0.006,2,548,0.587,FALSE,FALSE,0,0.00000489738154737183,0.00000645891825339529,0.00000156153670602346,31.9,FALSE,FALSE,TRUE,TRUE,"AL"
"chr17-4004444:4142959","'ZZEF1","-",148.516,19,11,42,47,4,56,0.003,0.333,5,360,0.626,FALSE,TRUE,1.7740421349779,0.00000630625753791468,0.00000685789059384065,0.000000551633055925966,8.7,FALSE,FALSE,TRUE,TRUE,"AL"
"chr16+1614639:1677908","'CRAMP1","+",73.27,19,10,47,49,5,30,0.003,0.006,2,548,0.544,FALSE,FALSE,0,0.0000143043234714214,0.0000144922503164649,0.000000187926845043475,1.3,FALSE,FALSE,TRUE,TRUE,"AL"
"chr21+46458948:46570013","'DIP2A","+",121.066,19,10,40,35,4,25,0.003,0.028,2,360,0.451,FALSE,FALSE,0,0.00000736772578594231,0.0000062648660393468,-0.00000110285974659551,-15,FALSE,FALSE,TRUE,TRUE,"AL"
"chr1-27970343:28088637","'EYA3","-",128.295,10,10,14,32,2,7,0.001,0.006,2,360,0.262,FALSE,TRUE,2.92873378765636,0.00000243340256050752,0.00000540513051982338,0.00000297172795931586,122.1,TRUE,FALSE,FALSE,TRUE,"EL"
"chr17+31094926:31377677","'NF1","+",292.752,8,10,14,28,2,14,0.002,0.015,3,548,0.464,TRUE,FALSE,0,0.00000106640904759084,0.00000207264106662174,0.0000010062320190309,94.4,TRUE,FALSE,FALSE,TRUE,"EL"
"chr17+2593628:2685615","'PAFAH1B1","+",101.988,13,10,23,33,5,30,0.003,0.004,2,360,0.5,FALSE,FALSE,0,0.00000502891640928847,0.00000701182071093671,0.00000198290430164824,39.4,FALSE,FALSE,TRUE,TRUE,"AL"
"chr18+41955197:42081482","'PIK3C3","+",136.286,10,10,12,30,2,5,0.002,0.021,3,360,0.279,FALSE,FALSE,0,0.00000196347627049196,0.000004770192967643,0.00000280671669715104,142.9,TRUE,FALSE,FALSE,TRUE,"EL"
"chr16+30699140:30740129","'SRCAP","+",50.99,9,10,13,21,2,373,0.001,0.357,5,360,0.896,FALSE,FALSE,0,0.00000568530798686585,0.00000892483551974379,0.00000323952753287794,57,FALSE,FALSE,TRUE,TRUE,"AL"
"chr17-75318075:75405709","'GRB2","-",97.635,19,9,35,28,6,42,0.003,0.017,3,180,0.592,TRUE,FALSE,0,0.00000799389003688002,0.00000621467524489832,-0.00000177921479198169,-22.3,FALSE,FALSE,TRUE,TRUE,"AL"
"chr10+94545766:94602099","'HELLS","+",66.334,5,9,5,16,4,15,0.001,0.056,2,120,0.543,FALSE,TRUE,0.316030041287781,0.00000168085199520776,0.00000522696671420946,0.0000035461147190017,211,TRUE,FALSE,FALSE,TRUE,"EL"
"chr18+9102629:9134345","'NDUFV2","+",41.717,3,9,3,13,1,15,0,0.005,2,150,0.517,FALSE,FALSE,0,0.00000160362877843725,0.00000675299178132538,0.00000514936300288812,321.1,TRUE,FALSE,FALSE,TRUE,"EL"
"chr2+208266266:208358751","'PIKFYVE","+",102.486,2,9,2,11,1,410,0,0.273,3,63,0.885,FALSE,FALSE,0,0.000000435172164979066,0.00000232591628992257,0.0000018907441249435,434.5,TRUE,FALSE,TRUE,FALSE,"EA"
"chr17-64544616:64662268","'SMURF2","-",127.653,10,9,11,15,5,27,0.003,0.008,2,180,0.581,FALSE,FALSE,0,0.00000192157489248388,0.00000254639733805,0.000000624822445566118,32.5,FALSE,FALSE,TRUE,TRUE,"AL"
"chr21+15730024:15880071","'USP25","+",160.048,8,9,12,26,2,10,0.001,0.014,2,270,0.322,FALSE,FALSE,0,0.00000167196295486521,0.00000352037586401018,0.00000184841290914497,110.6,TRUE,FALSE,FALSE,TRUE,"EL"
"chr8+6406591:6648505","'MCPH1","+",251.915,2,8,2,13,1,9,0,0.004,2,270,0.371,TRUE,FALSE,0,0.000000177040090903855,0.00000111829211496557,0.000000941252024061712,531.7,TRUE,FALSE,FALSE,TRUE,"EL"
"chr10+110871794:110900006","'PDCD4","+",38.213,8,8,10,14,2,26,0.002,0.011,3,150,0.605,TRUE,FALSE,0,0.00000583558664591168,0.00000793931145860895,0.00000210372481269727,36,FALSE,FALSE,TRUE,TRUE,"AL"
"chr13+32586426:32778020","'PDS5B","+",201.595,4,8,4,16,2,10,0,0.008,2,270,0.401,TRUE,FALSE,0,0.000000442461911258162,0.00000171991175386478,0.00000127744984260662,288.7,TRUE,FALSE,FALSE,TRUE,"EL"
"chr15+68054178:68191466","'PIAS1","+",147.289,8,8,8,21,2,6,0.001,0.045,3,150,0.36,FALSE,FALSE,0,0.00000121119851448634,0.0000030896900865084,0.00000187849157202206,155.1,TRUE,FALSE,FALSE,TRUE,"EL"
"chr3+158110051:158544835","'RSRC1","+",444.785,10,8,13,13,4,109,0.001,0.014,3,120,0.812,FALSE,FALSE,0,0.000000651761759614847,0.00000063337243419079,-0.0000000183893254240568,-2.8,FALSE,FALSE,TRUE,TRUE,"AL"
"chr17-29625938:29930228","'SSH2","-",314.291,17,8,30,26,5,137,0.003,0.062,4,1095,0.805,FALSE,FALSE,0,0.00000212855543906974,0.00000179269885642001,-0.000000335856582649734,-15.8,FALSE,FALSE,TRUE,TRUE,"AL"
"chr22-40824534:40857008","'ST13","-",42.475,8,8,11,19,1,29,0.001,0.009,2,180,0.595,TRUE,FALSE,0,0.0000057750394290817,0.00000969362358797386,0.00000391858415889215,67.9,FALSE,FALSE,TRUE,TRUE,"AL"
"chr4-108047544:108168956","'LEF1","-",131.413,12,7,15,15,8,84,0.004,0.038,4,180,0.771,TRUE,FALSE,0,0.00000254535630988056,0.00000247353959953807,-0.0000000718167103424886,-2.8,FALSE,FALSE,TRUE,TRUE,"AL"
"chr6+36027676:36111236","'MAPK14","+",93.561,9,7,12,17,1,91,0.001,0.006,2,120,0.784,TRUE,FALSE,0,0.00000286010546061145,0.00000393749490328923,0.00000107738944267778,37.7,FALSE,FALSE,TRUE,TRUE,"AL"
"chr15-42942899:43106088","'UBR1","-",173.19,15,7,23,13,2,48,0.003,0.421,4,1825,0.722,FALSE,FALSE,0,0.00000296142460159659,0.00000162662138773342,-0.00000133480321386317,-45.1,FALSE,FALSE,TRUE,TRUE,"AL"
"chr12+132084282:132126340","'EP400P1","+",52.059,4,6,4,18,2,5,0.001,0.043,3,270,0.247,FALSE,FALSE,0,0.00000171340419524173,0.00000749277380035952,0.00000577936960511779,337.3,TRUE,FALSE,FALSE,TRUE,"EL"
"chr10-67921898:68075346","'HERC4","-",163.449,8,6,12,11,4,35,0.002,0.018,4,120,0.656,FALSE,FALSE,0,0.00000163717322834809,0.00000145839899227896,-0.000000178774236069129,-10.9,FALSE,FALSE,TRUE,TRUE,"AL"
"chr1-11106530:11262551","'MTOR","-",166.022,12,6,17,18,4,29,0.002,0.063,2,360,0.602,TRUE,FALSE,0,0.0000022833839084602,0.00000234948567824093,0.0000000661017697807357,2.9,FALSE,FALSE,TRUE,TRUE,"AL"
"chr13+79481123:79556077","'NDFIP2","+",84.955,3,6,3,17,1,8,0.001,0.006,2,360,0.4,FALSE,FALSE,0,0.000000787459028309892,0.00000433636584835081,0.00000354890682004092,450.7,TRUE,FALSE,FALSE,TRUE,"EL"
"chr12+56104318:56113910","'PA2G4","+",19.593,6,5,7,11,2,38,0.001,0.012,2,150,0.698,FALSE,FALSE,0,0.00000796696221865749,0.0000121662765727048,0.00000419931435404728,52.7,FALSE,FALSE,TRUE,TRUE,"AL"
"chr16-89737550:89816657","'FANCA","-",89.108,26,15,96,127,3,21,0.003,0.028,3,548,0.391,TRUE,TRUE,0.0359649025476381,0.0000240242696054467,0.0000308853809931396,0.00000686111138769299,28.6,FALSE,FALSE,FALSE,TRUE,"L"
"chr16+1678276:1702072","'JPT2","+",33.797,20,15,54,76,5,23,0.002,0.5,2,1095,0.436,FALSE,TRUE,6.85404591559336,0.0000356296260467262,0.000048730557374819,0.0000131009313280928,36.8,FALSE,FALSE,FALSE,TRUE,"L"
"chr17+80544824:80966373","'RPTOR","+",431.55,24,15,71,85,4,11,0.002,0.008,2,360,0.285,FALSE,FALSE,0,0.00000366879025547812,0.00000426828827072927,0.000000599498015251148,16.3,FALSE,FALSE,FALSE,TRUE,"L"
"chr11+67119268:67258079","'KDM2A","+",148.812,25,14,109,85,5,7,0.01,0.033,3,1825,0.28,FALSE,FALSE,0,0.0000163336859275625,0.0000123778983094993,-0.00000395578761806315,-24.2,FALSE,FALSE,FALSE,TRUE,"L"
"chr17-81556884:81637153","'NPLOC4","-",90.27,25,14,217,155,7,16,0.014,0.015,3,360,0.321,FALSE,TRUE,3.17281497572526,0.0000536058204636628,0.0000372095308194565,-0.0000163962896442063,-30.6,FALSE,TRUE,FALSE,TRUE,"DL"
"chr16-89267620:89490561","'ANKRD11","-",232.942,15,13,31,41,3,23,0.002,0.042,2,1095,0.471,FALSE,FALSE,0,0.00000296762861463665,0.00000381418711815473,0.000000846558503518074,28.5,FALSE,FALSE,FALSE,TRUE,"L"
"chr9+137618991:137836126","'EHMT1","+",227.136,14,13,32,46,3,3,0.002,0.045,3,360,0.152,TRUE,FALSE,0,0.0000031416634615416,0.00000438871922024058,0.00000124705575869898,39.7,FALSE,FALSE,FALSE,TRUE,"L"
"chr22+41092609:41180077","'EP300","+",97.469,11,13,17,30,2,6,0.002,0.065,3,360,0.279,TRUE,FALSE,0,0.00000388935931681231,0.00000666992088549379,0.00000278056156868148,71.5,FALSE,FALSE,FALSE,TRUE,"L"
"chr5+177133078:177300213","'NSD1","+",177.136,22,13,55,42,5,6,0.003,0.031,3,150,0.297,TRUE,FALSE,0,0.00000692391156372068,0.0000051381691260019,-0.00000178574243771879,-25.8,FALSE,FALSE,FALSE,TRUE,"L"
"chr17+5282262:5386339","'RABEP1","+",114.078,19,13,37,44,2,26,0.002,0.06,3,60,0.415,TRUE,FALSE,0,0.00000723261722900844,0.00000835827615803238,0.00000112565892902394,15.6,FALSE,FALSE,TRUE,FALSE,"A"
"chr6+144291736:144853034","'UTRN","+",571.299,16,13,23,22,2,6,0.002,0.012,3,1095,0.299,FALSE,FALSE,0,0.000000897759538788818,0.000000834497721469859,-0.000000063261817318959,-7,FALSE,FALSE,FALSE,TRUE,"L"
"chr3+184812142:185052614","'VPS8","+",250.473,9,13,12,27,2,10,0.001,0.008,2,60,0.346,FALSE,FALSE,0,0.00000106835597848977,0.00000233597819688898,0.00000126762221839922,118.7,TRUE,FALSE,FALSE,FALSE,"E"
"chr1-155335260:155562533","'ASH1L","-",237.274,25,12,66,46,4,5,0.002,0.026,2,1825,0.223,FALSE,FALSE,0,0.00000620282373332717,0.00000420120252875816,-0.00000200162120456901,-32.3,FALSE,TRUE,FALSE,TRUE,"DL"
"chr1-97077743:97921059","'DPYD","-",853.317,19,12,43,33,4,22,0.002,0.025,2,150,0.536,FALSE,FALSE,0,0.00000112370862381853,0.000000838049131409562,-0.000000285659492408971,-25.4,FALSE,FALSE,FALSE,TRUE,"L"
"chr8+144291568:144314726","'HSF1","+",33.159,20,12,76,45,4,10,0.003,0.017,3,270,0.381,FALSE,FALSE,0,0.0000511102286257636,0.0000294087812715188,-0.0000217014473542448,-42.5,FALSE,TRUE,FALSE,TRUE,"DL"
"chr1+39084166:39487138","'MACF1","+",412.973,22,12,44,32,5,11,0.007,0.047,3,548,0.312,TRUE,FALSE,0,0.00000237589188397542,0.00000167916842031014,-0.000000696723463665278,-29.3,FALSE,FALSE,FALSE,TRUE,"L"
"chr17-61942604:62065282","'MED13","-",132.679,9,12,15,26,5,21,0.003,0.025,4,270,0.509,FALSE,FALSE,0,0.00000252106896155635,0.00000424655835726152,0.00000172548939570517,68.4,FALSE,FALSE,FALSE,TRUE,"L"
"chr11+66070352:66244747","'PACS1","+",184.396,26,12,150,105,6,5,0.004,0.143,2,360,0.286,FALSE,FALSE,0,0.0000181399221648156,0.000012339675566491,-0.00000580024659832462,-32,FALSE,TRUE,FALSE,TRUE,"DL"
"chr16-18804852:18926404","'SMG1","-",131.553,22,12,54,39,2,7,0.003,0.018,3,150,0.332,FALSE,FALSE,0,0.00000915353105973413,0.00000642435880918453,-0.0000027291722505496,-29.8,FALSE,FALSE,FALSE,TRUE,"L"
"chr8-144262045:144291438","'BOP1","-",39.394,14,11,46,34,3,10,0.002,0.017,3,270,0.336,TRUE,FALSE,0,0.0000260389463751085,0.0000187031507664438,-0.00000733579560866476,-28.2,FALSE,FALSE,FALSE,TRUE,"L"
"chr17-82101469:82212829","'CCDC57","-",121.361,20,11,53,33,3,6,0.002,0.029,2,912,0.289,FALSE,FALSE,0,0.00000973850696888771,0.00000589251547586962,-0.00000384599149301809,-39.5,FALSE,TRUE,FALSE,TRUE,"DL"
"chr16-3725054:3880120","'CREBBP","-",165.067,14,11,28,35,2,5,0.002,0.096,3,270,0.245,TRUE,TRUE,2.79174547453273,0.00000378262622450656,0.00000459487524411033,0.000000812249019603769,21.5,FALSE,FALSE,FALSE,TRUE,"L"
"chr19-10133343:10195135","'DNMT1","-",71.793,24,11,91,65,6,13,0.003,0.014,2,912,0.434,TRUE,FALSE,0,0.0000282653877084399,0.0000196199182470123,-0.00000864546946142765,-30.6,FALSE,TRUE,FALSE,TRUE,"DL"
"chr6-35573584:35728583","'FKBP5","-",165,18,11,53,30,3,15,0.002,0.028,4,1825,0.391,FALSE,FALSE,0,0.00000716287845000716,0.00000394006375023148,-0.00000322281469977568,-45,FALSE,TRUE,FALSE,TRUE,"DL"
"chr6-1623799:2245634","'GMDS","-",631.836,6,11,8,18,7,8,0.002,0.007,2,360,0.325,FALSE,FALSE,0,0.000000282345763774426,0.000000617353729880723,0.000000335007966106297,118.7,FALSE,FALSE,FALSE,TRUE,"L"
"chr4-142023159:142846535","'INPP4B","-",833.377,15,11,33,28,4,3,0.002,0.008,3,150,0.174,FALSE,FALSE,0,0.000000883015009114405,0.000000728085629355799,-0.000000154929379758606,-17.5,FALSE,FALSE,FALSE,TRUE,"L"
"chr17-4671383:4704337","'PELP1","-",42.955,8,11,8,26,1,3,0.002,0.004,2,50,0.156,FALSE,TRUE,0.833026602996393,0.00000415309551857009,0.0000131167295142149,0.00000896363399564482,215.8,TRUE,FALSE,FALSE,FALSE,"E"
"chr22+50343316:50445089","'PPP6R2","+",111.774,19,11,54,40,7,15,0.003,0.033,2,180,0.39,FALSE,FALSE,0,0.0000107732967550701,0.00000775505954024125,-0.00000301823721482884,-28,FALSE,FALSE,FALSE,TRUE,"L"
"chr9-136440095:136483759","'SEC16A","-",53.665,22,11,58,52,5,29,0.01,0.014,2,60,0.491,FALSE,FALSE,0,0.000024100858669548,0.0000209980104829256,-0.00000310284818662239,-12.9,FALSE,FALSE,TRUE,FALSE,"A"
"chr11-64764603:64778844","'SF1","-",24.242,18,11,35,44,3,16,0.002,0.008,2,270,0.509,FALSE,TRUE,1.7156755749714,0.0000321955058885727,0.000039332374703243,0.00000713686881467031,22.2,FALSE,FALSE,FALSE,TRUE,"L"
"chr21+44012324:44106551","'TRAPPC10","+",104.228,21,11,39,40,4,7,0.002,0.033,2,1095,0.37,FALSE,FALSE,0,0.00000834403003752226,0.00000831651787476422,-0.0000000275121627580335,-0.3,FALSE,FALSE,FALSE,TRUE,"L"
"chr12+62260339:62409721","'USP15","+",159.383,10,11,18,27,5,14,0.001,0.028,3,270,0.394,TRUE,FALSE,0,0.00000251840842812848,0.00000367102807017922,0.00000115261964205074,45.8,FALSE,FALSE,FALSE,TRUE,"L"
"chr1+12230038:12512046","'VPS13D","+",292.009,15,11,20,36,2,3,0.002,0.005,1,28,0.13,FALSE,FALSE,0,0.00000152731780527465,0.00000267160471953204,0.00000114428691425739,74.9,TRUE,FALSE,FALSE,FALSE,"E"
"chr18+74630962:75065672","'ZNF407","+",444.711,9,11,12,26,3,3,0.002,0.039,2,28,0.19,FALSE,FALSE,0,0.000000601726350371967,0.0000012669556549829,0.000000665229304610936,110.6,TRUE,FALSE,FALSE,FALSE,"E"
"chr2+143129329:143768352","'ARHGAP15","+",649.024,14,10,22,33,2,7,0.002,0.021,2,360,0.272,FALSE,FALSE,0,0.000000755888225243582,0.00000110184148916991,0.000000345953263926331,45.8,FALSE,FALSE,FALSE,TRUE,"L"
"chr12+14365631:14502935","'ATF7IP","+",147.305,15,10,23,26,3,8,0.004,0.056,2,92,0.416,TRUE,FALSE,0,0.00000348181749940948,0.00000382491508287635,0.000000343097583466878,9.9,FALSE,FALSE,FALSE,TRUE,"L"
"chr12-6570081:6607433","'CHD4","-",47.353,11,10,19,30,4,19,0.008,0.004,2,548,0.437,FALSE,FALSE,0,0.00000894750106118775,0.0000137290249569868,0.000004781523895799,53.4,FALSE,FALSE,FALSE,TRUE,"L"
"chr16+10944487:11182189","'CLEC16A","+",247.703,7,10,12,32,6,9,0.003,0.072,1,270,0.38,FALSE,FALSE,0,0.00000108030313318881,0.00000279952693362915,0.00000171922380044034,159.1,TRUE,FALSE,FALSE,FALSE,"E"
"chr17-78674046:78782342","'CYTH1","-",118.297,16,10,42,33,4,4,0.003,0.009,2,912,0.237,FALSE,FALSE,0,0.00000791719269720227,0.00000604513699136084,-0.00000187205570584143,-23.6,FALSE,FALSE,FALSE,TRUE,"L"
"chr17+63774188:63819317","'DDX42","+",55.13,11,10,13,19,5,6,0.002,0.019,2,360,0.351,FALSE,FALSE,0,0.00000525836847905478,0.00000746846838199147,0.00000221009990293669,42,FALSE,FALSE,FALSE,TRUE,"L"
"chr3-81489698:81761799","'GBE1","-",282.102,5,10,8,20,3,9,0.001,0.01,2,60,0.414,FALSE,FALSE,0,0.000000632381968224892,0.00000153634859917853,0.000000903966630953642,142.9,TRUE,FALSE,FALSE,FALSE,"E"
"chr7+7968742:8089079","'GLCCI1","+",130.338,12,10,17,19,2,4,0.001,0.014,2,147,0.259,FALSE,FALSE,0,0.00000290852984739968,0.00000315899171307822,0.000000250461865678547,8.6,FALSE,FALSE,FALSE,TRUE,"L"
"chrX+44873174:45112612","'KDM6A","+",249.439,9,10,12,23,5,9,0.003,0.057,4,120,0.403,TRUE,FALSE,0,0.00000107278463672588,0.0000019981561199503,0.000000925371483224413,86.3,FALSE,FALSE,FALSE,TRUE,"L"
"chr11-68154862:68213772","'KMT5B","-",68.911,12,10,27,26,2,7,0.001,0.028,2,912,0.329,FALSE,FALSE,0,0.00000873717165257509,0.00000817618546071166,-0.000000560986191863427,-6.4,FALSE,FALSE,FALSE,TRUE,"L"
"chr4-150264658:151015497","'LRBA","-",760.84,17,10,25,34,2,17,0.002,0.026,2,180,0.39,TRUE,FALSE,0,0.000000732727224187158,0.000000968392725531369,0.00000023566550134421,32.2,FALSE,FALSE,FALSE,TRUE,"L"
"chr2-43886223:43996005","'LRPPRC","-",119.783,4,10,4,15,1,7,0,0.011,1,360,0.307,FALSE,FALSE,0,0.000000744664176052438,0.00000271370110444802,0.00000196903692839558,264.4,TRUE,FALSE,FALSE,FALSE,"E"
"chr16+1706182:1770317","'MAPK8IP3","+",74.136,20,10,52,31,5,5,0.003,0.043,2,270,0.292,FALSE,FALSE,0,0.000015641192092926,0.00000906146635122568,-0.00000657972574170029,-42.1,FALSE,TRUE,FALSE,TRUE,"DL"
"chrX-154021812:154097731","'MECP2","-",85.92,18,10,43,40,3,12,0.004,0.036,2,270,0.374,FALSE,FALSE,0,0.0000111601451553883,0.0000100886176099968,-0.00000107152754539145,-9.6,FALSE,FALSE,FALSE,TRUE,"L"
"chr15+41660411:41769943","'MGA","+",119.533,10,10,13,22,2,85,0.002,0.013,3,90,0.758,FALSE,FALSE,0,0.00000242522026762727,0.00000398841921292036,0.00000156319894529309,64.5,FALSE,FALSE,TRUE,FALSE,"A"
"chr2+24584476:24770701","'NCOA1","+",196.226,13,10,22,21,2,3,0.002,0.008,2,270,0.161,TRUE,FALSE,0,0.00000250012536310423,0.00000231914916041572,-0.000000180976202688506,-7.2,FALSE,FALSE,FALSE,TRUE,"L"
"chr3-52545351:52685850","'PBRM1","-",150.5,18,10,29,25,5,14,0.003,0.004,2,150,0.476,TRUE,FALSE,0,0.00000429691887209732,0.00000359972601765334,-0.000000697192854443976,-16.2,FALSE,FALSE,FALSE,TRUE,"L"
"chr14+70907404:71115382","'PCNX1","+",217.979,15,10,24,19,2,153,0.001,0.01,2,60,0.825,FALSE,FALSE,0,0.00000245523033870481,0.00000188888224048734,-0.000000566348098217469,-23.1,FALSE,FALSE,TRUE,FALSE,"A"
"chr1+84077974:84238498","'PRKACB","+",170.525,13,10,16,23,2,4,0.001,0.028,2,360,0.236,FALSE,FALSE,0,0.00000209231746664921,0.00000292284453543048,0.000000830527068781265,39.7,FALSE,FALSE,FALSE,TRUE,"L"
"chr16+425667:522481","'RAB11FIP3","+",106.815,20,10,54,30,5,7,0.006,0.009,2,360,0.355,FALSE,FALSE,0,0.0000112734585170735,0.00000608632232166076,-0.00000518713619541272,-46,FALSE,TRUE,FALSE,TRUE,"DL"
"chr20-35703608:35742336","'RBM39","-",48.729,5,10,5,19,4,2,0.002,0.006,2,60,0.137,TRUE,FALSE,0,0.00000228811665025163,0.00000844952003733279,0.00000616140338708116,269.3,TRUE,FALSE,FALSE,FALSE,"E"
"chr19-5586998:5622927","'SAFB2","-",45.93,13,10,24,23,3,13,0.002,0.012,2,270,0.426,FALSE,FALSE,0,0.0000116522676682024,0.0000108516887525426,-0.000000800578915659767,-6.9,FALSE,FALSE,FALSE,TRUE,"L"
"chr3-47016407:47163977","'SETD2","-",157.571,20,10,30,41,3,17,0.002,0.005,2,270,0.442,TRUE,FALSE,0,0.0000042456151036718,0.00000563862878116658,0.00000139301367749478,32.8,FALSE,FALSE,FALSE,TRUE,"L"
"chr3-47585887:47781915","'SMARCC1","-",206.029,21,10,47,43,3,3,0.002,0.007,2,360,0.202,FALSE,FALSE,0,0.00000508704008052773,0.00000452278600065886,-0.00000056425407986887,-11.1,FALSE,FALSE,FALSE,TRUE,"L"
"chr17-2059838:2303775","'SMG6","-",253.938,22,10,70,60,7,16,0.002,0.023,2,180,0.39,TRUE,FALSE,0,0.00000614703946436359,0.00000512023028288948,-0.00000102680918147411,-16.7,FALSE,FALSE,FALSE,TRUE,"L"
"chr16+2752328:2771412","'SRRM2","+",29.085,13,10,14,27,3,32,0.002,0.02,2,60,0.548,FALSE,FALSE,0,0.0000107338277978447,0.0000201168804163443,0.00000938305261849965,87.4,FALSE,FALSE,TRUE,FALSE,"A"
"chr20+63707441:63736142","'ZGPAT","+",38.702,17,10,41,23,5,5,0.003,0.041,2,1584,0.252,FALSE,FALSE,0,0.0000236236012932384,0.0000128783542040278,-0.0000107452470892107,-45.5,FALSE,TRUE,FALSE,TRUE,"DL"
"chr8-144720908:144755585","'ZNF251","-",44.678,23,10,64,51,6,21,0.008,0.114,2,548,0.464,FALSE,FALSE,0,0.0000319434563767722,0.000024736735797035,-0.00000720672057973717,-22.6,FALSE,FALSE,FALSE,TRUE,"L"
"chr1+207321471:207360966","'CD55","+",49.496,3,9,3,14,2,4,0.001,0.003,1,90,0.164,TRUE,FALSE,0,0.0000013515957198575,0.00000612948336770292,0.00000477788764784542,353.5,TRUE,FALSE,FALSE,FALSE,"E"
"chr19+35648222:35658784","'COX6B1","+",20.563,12,9,16,17,3,5,0.001,0.043,3,1095,0.304,FALSE,FALSE,0,0.0000173511859164692,0.0000179154773450685,0.000000564291428599253,3.3,FALSE,FALSE,FALSE,TRUE,"L"
"chr17-82242660:82273742","'CSNK1D","-",41.083,13,9,24,20,3,8,0.001,0.011,2,801,0.423,FALSE,FALSE,0,0.0000130270100528329,0.0000105495463458234,-0.00000247746370700953,-19,FALSE,FALSE,FALSE,TRUE,"L"
"chr4-168216290:168318807","'DDX60","-",112.518,7,9,9,15,2,22,0.001,0.01,3,150,0.554,FALSE,FALSE,0,0.00000178367679171511,0.00000288891785664602,0.00000110524106493091,62,FALSE,FALSE,FALSE,TRUE,"L"
"chr1-197504748:197775493","'DENND1B","-",280.746,13,9,20,15,5,3,0.002,0.009,2,912,0.148,FALSE,FALSE,0,0.00000158859091492112,0.0000011578268591328,-0.000000430764055788325,-27.1,FALSE,FALSE,FALSE,TRUE,"L"
"chr12+50504984:50748667","'DIP2B","+",253.684,14,9,18,19,4,4,0.002,0.057,2,548,0.215,FALSE,FALSE,0,0.00000158224992707621,0.00000162302968219986,0.0000000407797551236503,2.6,FALSE,FALSE,FALSE,TRUE,"L"
"chr3-197042559:197299272","'DLG1","-",266.714,13,9,25,27,4,8,0.002,0.007,2,548,0.289,TRUE,FALSE,0,0.00000209020966747361,0.00000219373361319381,0.000000103523945720199,5,FALSE,FALSE,FALSE,TRUE,"L"
"chr9-129887186:130043194","'FNBP1","-",166.009,18,9,38,32,2,5,0.002,0.008,2,270,0.257,TRUE,FALSE,0,0.00000510443431079548,0.00000417719051401274,-0.000000927243796782748,-18.2,FALSE,FALSE,FALSE,TRUE,"L"
"chr1-42176538:42335877","'FOXJ3","-",169.34,9,9,16,21,4,12,0.001,0.007,2,270,0.373,FALSE,FALSE,0,0.00000210695899374251,0.00000268735894148893,0.000000580399947746421,27.5,FALSE,FALSE,FALSE,TRUE,"L"
"chr4-48497362:48780299","'FRYL","-",292.938,12,9,19,23,4,24,0.001,0.011,3,28,0.504,TRUE,FALSE,0,0.00000144635048286813,0.00000170144557689437,0.000000255095094026239,17.6,FALSE,FALSE,TRUE,FALSE,"A"
"chr11-62624825:62646726","'GANAB","-",31.902,13,9,23,26,1,6,0.001,0.005,2,120,0.275,FALSE,FALSE,0,0.0000160770210880356,0.0000176612474541753,0.00000158422636613969,9.9,FALSE,FALSE,FALSE,TRUE,"L"
"chr11-62712624:62727385","'HNRNPUL2","-",24.762,16,9,27,25,4,9,0.002,0.082,2,1584,0.414,FALSE,TRUE,0.0133751975511847,0.0000243149679246669,0.0000218786352336979,-0.00000243633269096898,-10,FALSE,FALSE,FALSE,TRUE,"L"
"chr19-49889655:49929539","'IL4I1","-",49.885,18,9,40,26,5,5,0.004,0.017,2,912,0.251,FALSE,FALSE,0,0.0000178807475193123,0.0000112945598132325,-0.00000658618770607979,-36.8,FALSE,FALSE,FALSE,TRUE,"L"
"chr15+90388240:90502243","'IQGAP1","+",124.004,15,9,22,16,2,5,0.002,0.045,3,180,0.317,FALSE,FALSE,0,0.00000395624011725824,0.00000279608407809724,-0.000001160156039161,-29.3,FALSE,FALSE,FALSE,TRUE,"L"
"chr18+62187290:62307122","'KIAA1468","+",129.833,9,9,15,19,1,17,0.001,0.02,2,360,0.491,FALSE,FALSE,0,0.000002576331970688,0.00000317127896527993,0.000000594946994591938,23.1,FALSE,FALSE,FALSE,TRUE,"L"
"chr12-115958575:116277186","'MED13L","-",328.612,12,9,18,25,7,38,0.002,0.005,2,60,0.591,FALSE,FALSE,0,0.00000122147544977177,0.00000164862745626097,0.000000427152006489194,35,FALSE,FALSE,TRUE,FALSE,"A"
"chr2+203014878:203217994","'NBEAL1","+",213.117,7,9,7,12,2,11,0.003,0.024,3,442,0.431,FALSE,FALSE,0,0.000000732445983896902,0.00000122019457629038,0.000000487748592393481,66.6,FALSE,FALSE,FALSE,TRUE,"L"
"chr19-49555467:49580572","'NOSIP","-",35.106,20,9,64,28,5,29,0.003,0.038,1,360,0.506,FALSE,FALSE,0,0.0000406531574090306,0.0000172839348696988,-0.0000233692225393317,-57.5,FALSE,TRUE,TRUE,FALSE,"DA"
"chr9+131125560:131234670","'NUP214","+",119.111,10,9,17,19,2,8,0.001,0.008,2,120,0.293,TRUE,FALSE,0,0.00000318267803351814,0.00000345674758753759,0.000000274069554019448,8.6,FALSE,FALSE,FALSE,TRUE,"L"
"chr5+50665898:50846522","'PARP8","+",190.625,15,9,26,21,3,4,0.001,0.008,2,360,0.213,FALSE,FALSE,0,0.00000304150929049484,0.00000238729108538615,-0.00000065421820510869,-21.5,FALSE,FALSE,FALSE,TRUE,"L"
"chr12+19129691:19376399","'PLEKHA5","+",256.709,8,9,10,12,2,2,0.002,0.05,2,801,0.071,FALSE,FALSE,0,0.000000868669475944447,0.00000101299217212983,0.000000144322696185387,16.6,FALSE,FALSE,FALSE,TRUE,"L"
"chr11+65261851:65298685","'POLA2","+",46.835,23,9,42,36,4,9,0.003,0.056,2,92,0.307,FALSE,FALSE,0,0.0000199974408989204,0.000016657043291253,-0.00000334039760766742,-16.7,FALSE,FALSE,FALSE,TRUE,"L"
"chr7-124822385:124929983","'POT1","-",117.599,13,9,15,17,2,26,0.002,0.004,1,50,0.575,FALSE,FALSE,0,0.00000284435164202361,0.0000031326453511224,0.000000288293709098791,10.1,FALSE,FALSE,TRUE,FALSE,"A"
"chr1-30931505:31065717","'PUM1","-",144.213,6,9,7,19,3,5,0.001,0.009,1,50,0.325,FALSE,FALSE,0,0.00000108240374134202,0.00000285505926580259,0.00000177265552446058,163.8,TRUE,FALSE,FALSE,FALSE,"E"
"chr10-118004915:118046884","'RAB11FIP2","-",51.97,2,9,3,12,1,19,0,0.005,2,28,0.544,FALSE,FALSE,0,0.00000128725383394395,0.00000500373691582216,0.00000371648308187821,288.7,TRUE,FALSE,FALSE,FALSE,"E"
"chr7-5620040:5781730","'RNF216","-",171.691,15,9,25,15,3,15,0.002,0.029,5,120,0.556,TRUE,FALSE,0,0.00000324704370788543,0.00000189325741823449,-0.00000135378628965095,-41.7,FALSE,FALSE,FALSE,TRUE,"L"
"chr21-34787800:35049298","'RUNX1","-",271.499,8,9,8,19,5,1,0.005,0.013,2,360,0,TRUE,FALSE,0,0.000000657078729572405,0.00000151653104394193,0.000000859452314369523,130.8,FALSE,FALSE,FALSE,TRUE,"L"
"chr19-49289634:49325217","'SLC6A16","-",45.584,18,9,25,31,2,2,0.002,0.006,2,270,0.116,FALSE,FALSE,0,0.0000122299092060933,0.0000147372075599874,0.00000250729835389412,20.5,FALSE,FALSE,FALSE,TRUE,"L"
"chr10+103967184:104029233","'SLK","+",72.05,4,9,4,14,1,13,0.001,0.009,2,28,0.461,FALSE,FALSE,0,0.0000012380029007646,0.00000421075515291914,0.00000297275225215454,240.1,TRUE,FALSE,FALSE,FALSE,"E"
"chr18+2655886:2805017","'SMCHD1","+",159.132,13,9,19,13,7,4,0.002,0.005,2,360,0.231,FALSE,FALSE,0,0.00000266251299393223,0.00000177031997424497,-0.000000892193019687259,-33.5,FALSE,FALSE,FALSE,TRUE,"L"
"chr15-101653751:101724442","'TARSL2","-",80.692,4,9,4,12,1,22,0.001,0.016,2,180,0.6,FALSE,FALSE,0,0.00000110541452684392,0.00000322267644271152,0.0000021172619158676,191.5,FALSE,FALSE,FALSE,TRUE,"L"
"chr22-42160012:42283927","'TCF20","-",133.916,18,9,28,28,2,10,0.002,0.011,2,360,0.346,FALSE,FALSE,0,0.00000466252548613029,0.00000453097327829123,-0.000000131552207839068,-2.8,FALSE,FALSE,FALSE,TRUE,"L"
"chr18-31829172:31943128","'TRAPPC8","-",123.957,13,9,16,20,2,4,0.002,0.01,2,360,0.22,FALSE,FALSE,0,0.00000287835649459374,0.00000349643031474997,0.00000061807382015623,21.5,FALSE,FALSE,FALSE,TRUE,"L"
"chr13+99200424:99386499","'UBAC2","+",196.076,10,9,14,21,2,4,0.002,0.007,2,1095,0.233,FALSE,FALSE,0,0.00000159220598900586,0.00000232092333152316,0.000000728717342517308,45.8,FALSE,FALSE,FALSE,TRUE,"L"
"chr1-19074505:19210252","'UBR4","-",145.748,5,9,7,17,2,8,0.001,0.009,2,150,0.381,FALSE,FALSE,0,0.00000107100399834067,0.00000252762275054644,0.00000145661875220577,136,FALSE,FALSE,FALSE,TRUE,"L"
"chr6-33250271:33271965","'VPS52","-",31.695,18,9,22,23,2,10,0.002,0.008,2,120,0.341,FALSE,FALSE,0,0.000015478453999069,0.00001572544768589,0.000000246993686820996,1.6,FALSE,FALSE,FALSE,TRUE,"L"
"chr6+37819530:38154623","'ZFAND3","+",345.094,4,9,4,13,1,5,0,0.012,3,90,0.277,FALSE,FALSE,0,0.00000025847481845552,0.000000816341513157432,0.000000557866694701912,215.8,TRUE,FALSE,FALSE,FALSE,"E"
"chr12-39551219:39620041","'ABCD2","-",78.823,9,8,10,25,5,8,0.001,0.004,2,28,0.35,FALSE,TRUE,3.65462575351225,0.00000282906350304128,0.00000687310512993452,0.00000404404162689323,142.9,TRUE,FALSE,FALSE,FALSE,"E"
"chr4+2843856:2930075","'ADD1","+",96.22,15,8,26,25,3,42,0.001,0.011,2,28,0.608,FALSE,FALSE,0,0.0000060256465235978,0.0000056304174356353,-0.000000395229087962497,-6.6,FALSE,FALSE,TRUE,FALSE,"A"
"chr17+35587262:35726417","'AP2B1","+",149.156,9,8,12,20,2,13,0.001,0.028,2,360,0.408,FALSE,FALSE,0,0.00000179405673925466,0.00000290572965569915,0.00000111167291644449,62,FALSE,FALSE,FALSE,TRUE,"L"
"chr15+72474325:72586555","'ARIH1","+",122.231,8,8,9,14,2,5,0.003,0.007,2,548,0.282,FALSE,FALSE,0,0.00000164193817648715,0.00000248206190547262,0.000000840123728985471,51.2,FALSE,FALSE,FALSE,TRUE,"L"
"chr2-25733752:25878516","'ASXL2","-",154.765,13,8,21,13,3,3,0.003,0.005,2,180,0.163,FALSE,FALSE,0,0.00000302581379672709,0.000001820273047146,-0.00000120554074958109,-39.8,FALSE,FALSE,FALSE,TRUE,"L"
"chr6-106184476:106325820","'ATG5","-",151.345,6,8,6,18,1,2,0.001,0.004,1,28,0.089,FALSE,FALSE,0,0.000000884054071823541,0.00000257733199823527,0.00000169327792641173,191.5,TRUE,FALSE,FALSE,FALSE,"E"
"chr12+110281226:110351092","'ATP2A2","+",79.867,6,8,8,14,1,67,0.001,0.03,2,50,0.749,FALSE,FALSE,0,0.0000022336661950515,0.00000379862657628086,0.00000156496038122936,70.1,FALSE,FALSE,TRUE,FALSE,"A"
"chr4-113451031:113761927","'CAMK2D","-",320.897,13,8,20,21,5,9,0.003,0.009,3,120,0.398,TRUE,FALSE,0,0.0000013898246010416,0.00000141814153186766,0.0000000283169308260587,2,FALSE,FALSE,FALSE,TRUE,"L"
"chr5+111223652:111494884","'CAMK4","+",281.233,12,8,16,17,2,9,0.002,0.003,2,270,0.369,FALSE,FALSE,0,0.00000126867201217623,0.00000130993148260212,0.0000000412594704258976,3.3,FALSE,FALSE,FALSE,TRUE,"L"
"chr6+20534456:21232403","'CDKAL1","+",707.948,12,8,19,17,3,5,0.001,0.004,2,120,0.311,FALSE,FALSE,0,0.00000059847759687212,0.000000520371497124991,-0.0000000781060997471289,-13.1,FALSE,FALSE,FALSE,TRUE,"L"
"chr19+1407568:1435687","'DAZAP1","+",38.12,8,8,12,11,4,2,0.003,0.005,2,360,0.156,FALSE,FALSE,0,0.00000701978822141311,0.00000625324913140096,-0.000000766539090012149,-10.9,FALSE,FALSE,FALSE,TRUE,"L"
"chr3+132417659:132539032","'DNAJC13","+",131.374,7,8,7,14,3,71,0.002,0.004,2,28,0.765,FALSE,FALSE,0,0.00000118818556754119,0.00000230932230706094,0.00000112113673951975,94.4,FALSE,FALSE,TRUE,FALSE,"A"
"chr14+101964527:102050798","'DYNC1H1","+",96.272,5,8,6,12,2,44,0.001,0.003,2,28,0.716,FALSE,FALSE,0,0.00000138978273537616,0.00000270114059659379,0.00000131135786121763,94.4,FALSE,FALSE,TRUE,FALSE,"A"
"chr12+991207:1495933","'ERC1","+",514.727,14,8,17,19,4,4,0.004,0.026,2,1825,0.202,TRUE,FALSE,0,0.00000073649131141436,0.000000799912695271842,0.0000000634213838574827,8.6,FALSE,FALSE,FALSE,TRUE,"L"
"chr4-88725953:89057195","'FAM13A","-",341.243,7,8,7,13,3,1,0.001,0.007,2,1095,0,FALSE,FALSE,0,0.000000457435583294474,0.000000825554101158268,0.000000368118517863794,80.5,FALSE,FALSE,FALSE,TRUE,"L"
"chr9+20658308:20995955","'FOCAD","+",347.648,6,8,8,21,1,17,0.001,0.003,2,28,0.491,FALSE,FALSE,0,0.00000051315186050309,0.00000130901763609092,0.000000795865775587828,155.1,TRUE,FALSE,FALSE,FALSE,"E"
"chr4-849274:932390","'GAK","-",93.117,3,8,3,17,1,4,0.002,0.01,2,60,0.225,TRUE,TRUE,0.980038544139147,0.000000718435750185969,0.00000395626964621544,0.00000323783389602947,450.7,TRUE,FALSE,FALSE,FALSE,"E"
"chr14+66507406:67181808","'GPHN","+",684.403,3,8,3,13,1,2,0.003,0.008,1,360,0.066,TRUE,FALSE,0,0.000000097747353167749,0.000000411620869782205,0.000000313873516614456,321.1,TRUE,FALSE,FALSE,FALSE,"E"
"chr19+41262475:41307783","'HNRNPUL1","+",55.309,6,8,10,19,1,4,0.001,0.008,2,270,0.211,FALSE,FALSE,0,0.00000403180806921519,0.0000074442977074109,0.00000341248963819571,84.6,FALSE,FALSE,FALSE,TRUE,"L"
"chr6+122399550:122433119","'HSF2","+",43.57,4,8,4,14,1,15,0.001,0.028,2,28,0.552,FALSE,FALSE,0,0.0000020472368372754,0.0000069631606327249,0.0000049159237954495,240.1,TRUE,FALSE,FALSE,FALSE,"E"
"chr1+43650125:43705518","'KDM4A","+",65.394,4,8,5,16,7,7,0.002,0.006,1,90,0.28,FALSE,FALSE,0,0.00000170501324662984,0.00000530210126342432,0.00000359708801679449,211,TRUE,FALSE,FALSE,FALSE,"E"
"chr7-152134924:152436005","'KMT2C","-",311.082,11,8,14,11,2,4,0.002,0.006,2,180,0.23,TRUE,FALSE,0,0.00000100357263197585,0.000000766273384152746,-0.000000237299247823107,-23.6,FALSE,FALSE,FALSE,TRUE,"L"
"chr17+4141088:4240637","'MIR5096","+",109.55,14,8,35,19,3,9,0.002,0.025,3,60,0.439,FALSE,TRUE,1.7740421349779,0.0000071244496006461,0.00000375843598264892,-0.00000336601361799718,-47.2,FALSE,TRUE,FALSE,TRUE,"DL"
"chr19-2071035:2096270","'MOB3A","-",35.236,10,8,10,16,2,2,0.001,0.011,2,360,0.164,FALSE,FALSE,0,0.00000632862051595593,0.00000984009564139999,0.00000351147512544407,55.5,FALSE,FALSE,FALSE,TRUE,"L"
"chr8+144148015:144261940","'MROH1","+",123.926,25,8,142,71,5,5,0.004,0.077,3,1825,0.279,FALSE,FALSE,0,0.0000255518040564786,0.0000124154325522117,-0.0000131363715042669,-51.4,FALSE,TRUE,FALSE,TRUE,"DL"
"chr19+1354976:1378431","'MUM1","+",33.456,13,8,21,16,8,4,0.003,0.028,2,360,0.293,FALSE,FALSE,0,0.0000139971924991173,0.0000103636301416897,-0.00000363356235742761,-26,FALSE,FALSE,FALSE,TRUE,"L"
"chr20+47501856:47656877","'NCOA3","+",165.022,11,8,20,21,2,6,0.001,0.014,2,270,0.306,TRUE,FALSE,0,0.00000270261265164915,0.00000275767693490405,0.0000000550642832548983,2,FALSE,FALSE,FALSE,TRUE,"L"
"chr11+65422797:65445538","'NEAT1","+",32.742,17,8,32,32,6,4,0.015,0.007,2,270,0.217,FALSE,FALSE,0,0.0000217941748213522,0.0000211792566135465,-0.000000614918207805672,-2.8,FALSE,FALSE,FALSE,TRUE,"L"
"chr12-44508274:44913928","'NELL2","-",415.655,8,8,17,21,2,2,0.001,0.091,2,180,0.13,FALSE,FALSE,0,0.000000912035133104087,0.00000109484395268128,0.00000018280881957719,20,FALSE,FALSE,FALSE,TRUE,"L"
"chr8+132775357:132848807","'PHF20L1","+",83.451,9,8,10,14,3,4,0.002,0.014,2,912,0.262,FALSE,FALSE,0,0.00000267217016572867,0.00000363548559954733,0.000000963315433818659,36,FALSE,FALSE,FALSE,TRUE,"L"
"chr8-143915146:143976745","'PLEC","-",71.6,17,8,37,19,5,11,0.002,0.07,2,360,0.372,FALSE,FALSE,0,0.0000115234987185869,0.00000575051203769818,-0.00000577298668088876,-50.1,FALSE,TRUE,FALSE,TRUE,"DL"
"chr1-151402723:151459465","'POGZ","-",66.743,6,8,7,11,2,26,0.001,0.023,1,28,0.625,FALSE,FALSE,0,0.00000233877246677788,0.00000357151846469299,0.00000123274599791511,52.7,FALSE,FALSE,TRUE,FALSE,"A"
"chr20+2864194:3038669","'PTPRA","+",184.476,18,8,29,33,2,4,0.003,0.077,3,1825,0.249,FALSE,FALSE,0,0.00000350553074790567,0.00000387650193340604,0.000000370971185500372,10.6,FALSE,FALSE,FALSE,TRUE,"L"
"chr12+120534328:120577594","'RNF10","+",53.267,5,8,5,16,1,7,0,0.006,2,28,0.297,FALSE,FALSE,0,0.00000209318407738584,0.00000650920100663394,0.0000044160169292481,211,TRUE,FALSE,FALSE,FALSE,"E"
"chr18-70003805:70205726","'RTTN","-",211.922,11,8,16,15,4,6,0.001,0.021,2,150,0.396,FALSE,FALSE,0,0.00000168360262738346,0.00000153384386422409,-0.000000149758763159369,-8.9,FALSE,FALSE,FALSE,TRUE,"L"
"chr3+45689240:45745425","'SACM1L","+",66.186,4,8,6,18,1,11,0.002,0.001,1,21,0.337,FALSE,TRUE,7.37708828089312,0.00000202153270329275,0.0000058934867082603,0.00000387195400496755,191.5,TRUE,FALSE,FALSE,FALSE,"E"
"chr20+10435302:10628034","'SLX4IP","+",202.733,6,8,7,12,2,3,0.001,0.007,2,548,0.172,FALSE,FALSE,0,0.000000769961924058521,0.00000128269303722274,0.000000512731113164218,66.6,FALSE,FALSE,FALSE,TRUE,"L"
"chr3-136337156:136752403","'STAG1","-",425.248,4,8,5,13,2,6,0.001,0.014,2,912,0.363,TRUE,FALSE,0,0.000000262194381278951,0.000000662471212425575,0.000000400276831146623,152.7,FALSE,FALSE,FALSE,TRUE,"L"
"chr6+147204357:147390476","'STXBP5","+",196.12,10,8,16,15,2,8,0.001,0.5,4,360,0.359,FALSE,FALSE,0,0.00000181925574138465,0.00000165743044765499,-0.000000161825293729654,-8.9,FALSE,FALSE,FALSE,TRUE,"L"
"chr17+63009536:63427706","'TANC2","+",428.171,4,8,6,18,3,11,0.001,0.02,2,28,0.337,FALSE,FALSE,0,0.00000031248534697617,0.000000911005909491573,0.000000598520562515403,191.5,TRUE,FALSE,FALSE,FALSE,"E"
"chr8-144428779:144444429","'TONSL","-",25.651,12,8,23,16,3,7,0.001,0.013,2,360,0.397,FALSE,FALSE,0,0.000019994897927976,0.0000135170406619769,-0.0000064778572659991,-32.4,FALSE,FALSE,FALSE,TRUE,"L"
"chr6+34792016:34877514","'UHRF1BP1","+",95.499,2,8,3,12,1,4,0,0.003,1,50,0.219,FALSE,FALSE,0,0.000000700516044671325,0.00000272300450806058,0.00000202248846338926,288.7,TRUE,FALSE,FALSE,FALSE,"E"
"chr17+59707464:59842255","'VMP1","+",144.792,16,8,30,30,3,28,0.002,0.028,3,60,0.597,FALSE,FALSE,0,0.00000462032306688677,0.00000448996159171911,-0.000000130361475167655,-2.8,FALSE,FALSE,TRUE,FALSE,"A"
"chr17-1344539:1400262","'YWHAE","-",65.724,6,8,7,21,3,2,0.002,0.003,1,50,0.107,TRUE,FALSE,0,0.00000237503333257495,0.00000692406675113711,0.00000454903341856216,191.5,TRUE,FALSE,FALSE,FALSE,"E"
"chr17-75941510:75979434","'ACOX1","-",47.925,12,7,21,15,4,2,0.002,0.007,2,270,0.058,FALSE,FALSE,0,0.0000097713108450802,0.00000678258235564104,-0.00000298872848943915,-30.6,FALSE,FALSE,FALSE,TRUE,"L"
"chr6-100508194:100881372","'ASCC3","-",383.179,10,7,11,32,1,4,0.001,0.005,2,28,0.206,FALSE,TRUE,4.97324273626338,0.000000640157210468855,0.00000180973179647303,0.00000116957458600418,182.7,TRUE,FALSE,FALSE,FALSE,"E"
"chr12-53507855:53626415","'ATF7","-",128.561,12,7,13,15,2,32,0.003,0.009,2,60,0.632,FALSE,FALSE,0,0.00000225491287599108,0.00000252841265542503,0.000000273499779433943,12.1,FALSE,FALSE,TRUE,FALSE,"A"
"chr4-42408374:42657105","'ATP8A1","-",258.732,10,7,13,16,3,4,0.001,0.008,2,548,0.271,FALSE,FALSE,0,0.00000112044066543872,0.00000134009558160711,0.000000219654916168391,19.6,FALSE,FALSE,FALSE,TRUE,"L"
"chr6-89926527:90296908","'BACH2","-",380.382,1,7,2,12,1,2,0,0.004,1,60,0.071,TRUE,FALSE,0,0.000000117248067732029,0.00000068363962415487,0.000000566391556422841,483.1,TRUE,FALSE,FALSE,FALSE,"E"
"chr6-34587279:34696850","'C6orf106","-",119.572,9,7,17,17,2,3,0.001,0.01,3,360,0.199,FALSE,FALSE,0,0.00000317040748043337,0.00000308095507850202,-0.000000089452401931354,-2.8,FALSE,FALSE,FALSE,TRUE,"L"
"chrX-41514935:41923034","'CASK","-",418.1,10,7,12,16,3,5,0.002,0.007,2,548,0.264,FALSE,FALSE,0,0.000000640024699833216,0.000000829288710883449,0.000000189264011050233,29.6,FALSE,FALSE,FALSE,TRUE,"L"
"chr17-63745249:63773728","'CCDC47","-",38.48,11,7,17,10,2,6,0.002,0.019,2,180,0.325,FALSE,FALSE,0,0.00000985166224663147,0.00000563158800059073,-0.00000422007424604074,-42.8,FALSE,FALSE,FALSE,TRUE,"L"
"chr1+193121957:193254812","'CDC73","+",142.856,9,7,10,23,3,19,0.001,0.013,2,28,0.499,TRUE,FALSE,0,0.00000156097939533672,0.00000348895436246487,0.00000192797496712815,123.5,TRUE,FALSE,FALSE,FALSE,"E"
"chr1-153804906:153922975","'GATAD2B","-",128.07,13,7,20,22,2,2,0.002,0.014,2,548,0.143,FALSE,FALSE,0,0.00000348239669712225,0.00000372255574121972,0.00000024015904409747,6.9,FALSE,FALSE,FALSE,TRUE,"L"
"chr4+3074680:3243960","'HTT","+",179.281,12,7,14,14,1,25,0.002,0.007,2,21,0.596,FALSE,FALSE,0,0.00000174136345457863,0.00000169223123904833,-0.0000000491322155303036,-2.8,FALSE,FALSE,TRUE,FALSE,"A"
"chr12+8950043:9010744","'KLRG1","+",70.702,12,7,18,11,2,3,0.003,0.007,2,360,0.182,FALSE,FALSE,0,0.00000567722964697465,0.00000337152919138079,-0.00000230570045559386,-40.6,FALSE,FALSE,FALSE,TRUE,"L"
"chr6-31797391:31806984","'LSM2","-",19.594,15,7,27,13,4,2,0.003,0.005,2,360,0.163,FALSE,FALSE,0,0.0000307281430923039,0.0000143775930459095,-0.0000163505500463944,-53.2,FALSE,TRUE,FALSE,TRUE,"DL"
"chr20+13995499:16053196","'MACROD2","+",2067.698,3,7,4,14,1,1,0.001,0.006,1,180,0,FALSE,FALSE,0,0.0000000431388476460727,0.000000146725928432404,0.000000103587080786331,240.1,TRUE,FALSE,FALSE,FALSE,"E"
"chr2-39249265:39437312","'MAP4K3","-",198.048,11,7,12,12,2,15,0.001,0.188,2,442,0.499,FALSE,FALSE,0,0.0000013511589463174,0.00000131303627158708,-0.0000000381226747303177,-2.8,FALSE,FALSE,FALSE,TRUE,"L"
"chr17-7856680:7885388","'NAA38","-",38.709,17,7,43,29,7,15,0.002,0.043,2,360,0.442,FALSE,FALSE,0,0.0000247714916880043,0.0000162349884564809,-0.00000853650323152336,-34.5,FALSE,FALSE,FALSE,TRUE,"L"
"chr2-15166907:15561348","'NBAS","-",404.442,10,7,18,15,2,4,0.002,0.004,3,120,0.308,FALSE,FALSE,0,0.000000992457485870413,0.000000803712916546988,-0.000000188744569323424,-19,FALSE,FALSE,FALSE,TRUE,"L"
"chr12-57055642:57078791","'NEMP1","-",33.15,5,7,5,11,1,10,0.001,0.016,2,180,0.465,FALSE,FALSE,0,0.00000336342794117983,0.00000719076491369546,0.00000382733697251562,113.8,FALSE,FALSE,FALSE,TRUE,"L"
"chr19-49906825:49929731","'NUP62","-",32.907,16,7,32,19,5,5,0.004,0.017,2,912,0.274,FALSE,FALSE,0,0.0000216848959796005,0.0000125121299996715,-0.00000917276597992901,-42.3,FALSE,FALSE,FALSE,TRUE,"L"
"chr1+151198543:151249531","'PIP5K1A","+",60.989,3,7,3,11,2,3,0.001,0.017,2,548,0.258,FALSE,FALSE,0,0.00000109689586236972,0.00000390847295231934,0.00000281157708994962,256.3,FALSE,FALSE,FALSE,TRUE,"L"
"chr8+144477981:144502121","'PPP1R16A","+",34.141,8,7,13,12,2,4,0.001,0.015,2,360,0.25,FALSE,FALSE,0,0.0000084910768357778,0.00000761677184368582,-0.00000087430499209198,-10.3,FALSE,FALSE,FALSE,TRUE,"L"
"chr17+66302807:66810744","'PRKCA","+",517.938,4,7,9,14,1,7,0.003,0.009,2,360,0.345,FALSE,FALSE,0,0.000000387489902749365,0.000000585755261764582,0.000000198265359015216,51.2,FALSE,FALSE,FALSE,TRUE,"L"
"chr14+67819778:68683106","'RAD51B","+",873.329,10,7,10,10,2,2,0.003,0.003,2,548,0.162,TRUE,FALSE,0,0.000000255339365233747,0.000000248135017001303,-0.00000000720434823244353,-2.8,FALSE,FALSE,FALSE,TRUE,"L"
"chr5+87268252:87391926","'RASA1","+",133.675,7,7,7,22,2,3,0.001,0.001,1,28,0.136,TRUE,FALSE,0,0.0000011677328651592,0.00000356646877709376,0.00000239873591193456,205.4,TRUE,FALSE,FALSE,FALSE,"E"
"chr19-5993163:6110653","'RFX2","-",127.491,11,7,12,14,2,9,0.001,0.321,2,360,0.374,TRUE,FALSE,0,0.00000209892719486291,0.0000023796574563524,0.000000280730261489488,13.4,FALSE,FALSE,FALSE,TRUE,"L"
"chr7+35800985:35907105","'SEPT7","+",116.121,5,7,6,17,1,10,0.001,0.002,2,21,0.415,FALSE,FALSE,0,0.00000115222193660177,0.00000317251798250655,0.00000202029604590478,175.3,TRUE,FALSE,FALSE,FALSE,"E"
"chr9-136375568:136398437","'SNAPC4","-",32.87,8,7,13,18,4,7,0.002,0.009,2,180,0.398,FALSE,FALSE,0,0.00000881940536204107,0.0000118669398014273,0.00000304753443938626,34.6,FALSE,FALSE,FALSE,TRUE,"L"
"chr1+15847863:15940455","'SPEN","+",102.593,11,7,13,14,1,2,0.001,0.007,2,180,0.139,FALSE,FALSE,0,0.00000282566894671459,0.00000295716967792953,0.000000131500731214937,4.7,FALSE,FALSE,FALSE,TRUE,"L"
"chr16+89508387:89557768","'SPG7","+",59.382,11,7,15,11,4,10,0.001,0.004,2,270,0.424,FALSE,FALSE,0,0.00000563290068960854,0.00000401424433143048,-0.00000161865635817807,-28.7,FALSE,FALSE,FALSE,TRUE,"L"
"chr6-152121683:152637399","'SYNE1","-",525.717,12,7,14,14,3,22,0.003,0.013,3,360,0.565,TRUE,FALSE,0,0.000000593843040077289,0.000000577087879539417,-0.0000000167551605378718,-2.8,FALSE,FALSE,FALSE,TRUE,"L"
"chr14+63852964:64226451","'SYNE2","+",383.488,12,7,13,15,5,8,0.007,0.005,2,360,0.386,TRUE,FALSE,0,0.000000755939831885978,0.000000847628242328566,0.0000000916884104425878,12.1,FALSE,FALSE,FALSE,TRUE,"L"
"chr8-119730773:119832834","'TAF2","-",112.062,4,7,4,16,2,8,0.001,0.004,2,150,0.346,FALSE,FALSE,0,0.000000795971060663643,0.00000309405159661946,0.00000229808053595582,288.7,TRUE,FALSE,FALSE,FALSE,"E"
"chr6-127708193:127918631","'THEMIS","-",220.439,16,7,36,24,2,5,0.002,0.007,2,120,0.221,FALSE,FALSE,0,0.00000364174661017698,0.00000235933031374011,-0.00000128241629643687,-35.2,FALSE,FALSE,FALSE,TRUE,"L"
"chr2-165873361:165953838","'TTC21B","-",90.478,10,7,14,13,3,5,0.002,0.015,2,360,0.331,FALSE,FALSE,0,0.00000345048941732037,0.00000311362494906553,-0.000000336864468254841,-9.8,FALSE,FALSE,FALSE,TRUE,"L"
"chr1-1253911:1273854","'UBE2J2","-",29.944,14,7,33,14,4,2,0.002,0.003,2,180,0.107,FALSE,FALSE,0,0.0000245753539691002,0.0000101317428789682,-0.000014443611090132,-58.8,FALSE,TRUE,FALSE,TRUE,"DL"
"chr8-102252273:102412689","'UBR5","-",170.417,10,7,12,16,1,19,0.002,0.025,2,270,0.551,FALSE,FALSE,0,0.00000157023258829969,0.0000020345717271186,0.000000464339138818912,29.6,FALSE,FALSE,FALSE,TRUE,"L"
"chr19-49976466:50025548","'VRK3","-",59.083,17,7,29,17,2,2,0.002,0.016,2,150,0.124,FALSE,FALSE,0,0.0000109453868329409,0.00000623522774142551,-0.00000471015909151538,-43,FALSE,FALSE,FALSE,TRUE,"L"
"chr3-52254421:52278643","'WDR82","-",34.223,15,7,22,20,8,7,0.016,0.1,3,548,0.374,TRUE,FALSE,0,0.0000143350845776376,0.0000126642028029531,-0.00000167088177468451,-11.7,FALSE,FALSE,FALSE,TRUE,"L"
"chr8+63168552:63212788","'YTHDF3","+",54.237,8,7,9,10,2,13,0.001,0.003,2,180,0.5,FALSE,FALSE,0,0.00000370034746114646,0.00000399549212277101,0.000000295144661624548,8,FALSE,FALSE,FALSE,TRUE,"L"
"chr9+73151730:73170394","'ANXA1","+",28.665,5,6,6,10,2,5,0.001,0.011,3,360,0.342,TRUE,TRUE,7.26892786544384,0.00000466761428571895,0.00000755986416405831,0.00000289224987833935,62,FALSE,FALSE,FALSE,TRUE,"L"
"chr18+79069274:79378282","'ATP9B","+",319.009,6,6,9,11,1,2,0.001,0.02,2,1584,0.126,FALSE,FALSE,0,0.000000629122517703891,0.000000747232388079974,0.000000118109870376083,18.8,FALSE,FALSE,FALSE,TRUE,"L"
"chr6-31639027:31652700","'BAG6","-",23.674,10,6,18,15,2,36,0.001,0.014,2,90,0.661,FALSE,FALSE,0,0.0000169549501774268,0.0000137304747568682,-0.00000322447542055861,-19,FALSE,FALSE,TRUE,FALSE,"A"
"chr17+60677774:61392838","'BCAS3","+",725.065,17,6,23,10,2,2,0.004,0.005,2,180,0.162,TRUE,FALSE,0,0.000000707369858909909,0.000000298874592295493,-0.000000408495266614416,-57.7,FALSE,TRUE,FALSE,TRUE,"DL"
"chrX-80669487:80809734","'BRWD3","-",150.248,5,6,7,13,3,6,0.001,0.003,2,180,0.283,TRUE,FALSE,0,0.0000010389269125057,0.00000187499705913923,0.00000083607014663353,80.5,FALSE,FALSE,FALSE,TRUE,"L"
"chr5-98855203:98926534","'CHD1","-",81.332,5,6,7,18,3,8,0.001,0.002,2,28,0.417,FALSE,FALSE,0,0.00000191925307074898,0.00000479597589230458,0.0000028767228215556,149.9,TRUE,FALSE,FALSE,FALSE,"E"
"chr3+87227262:87255548","'CHMP2B","+",38.287,6,6,7,9,3,24,0.003,0.003,2,21,0.642,FALSE,FALSE,0,0.00000407701545564176,0.00000509397852107656,0.0000010169630654348,24.9,FALSE,FALSE,TRUE,FALSE,"A"
"chr3-33496245:33718213","'CLASP2","-",231.969,6,6,8,13,2,5,0.001,0.003,2,548,0.292,FALSE,FALSE,0,0.000000769051976773528,0.00000121444916407602,0.000000445397187302494,57.9,FALSE,FALSE,FALSE,TRUE,"L"
"chr17-5471250:5486230","'DERL2","-",24.981,5,6,5,8,3,37,0.001,0.107,1,548,0.7,FALSE,FALSE,0,0.00000446329755614713,0.00000693978643810036,0.00000247648888195323,55.5,FALSE,FALSE,TRUE,FALSE,"A"
"chr10-21756547:22003721","'DNAJC1","-",257.175,6,6,10,8,1,38,0.002,0.005,2,270,0.717,FALSE,FALSE,0,0.000000867095450569546,0.000000674104423097832,-0.000000192991027471714,-22.3,FALSE,FALSE,TRUE,FALSE,"A"
"chr19+2164148:2232578","'DOT1L","+",78.431,12,6,19,16,3,6,0.001,0.013,3,360,0.347,FALSE,FALSE,0,0.00000540208613622705,0.00000442077252642922,-0.000000981313609797829,-18.2,FALSE,FALSE,FALSE,TRUE,"L"
"chr2+202635177:202769757","'FAM117B","+",144.581,5,6,5,25,1,6,0.001,0.005,2,28,0.339,FALSE,FALSE,0,0.000000771177653011886,0.00000374709516227463,0.00000297591750926274,385.9,TRUE,FALSE,FALSE,FALSE,"E"
"chrX+155026788:155056916","'FUNDC2","+",40.129,3,6,3,13,2,9,0.001,0.005,3,60,0.352,FALSE,TRUE,0.980038544139147,0.00000166708818435712,0.00000702022373200306,0.00000535313554764594,321.1,TRUE,FALSE,FALSE,FALSE,"E"
"chr7-2728105:2844325","'GNA12","-",126.221,2,6,2,11,1,2,0,0.001,1,28,0.126,TRUE,FALSE,0,0.000000353341001101596,0.0000018885435616023,0.00000153520256050071,434.5,TRUE,FALSE,FALSE,FALSE,"E"
"chr2-212999685:213151609","'IKZF2","-",161.925,2,6,2,11,1,1,0,0.004,1,28,0,TRUE,FALSE,0,0.000000275430319592679,0.00000147212510044159,0.00000119669478084891,434.5,TRUE,FALSE,FALSE,FALSE,"E"
"chr19+804939:805001","'MIR4745","+",10.063,3,6,4,10,2,47,0.001,0.043,2,360,0.691,FALSE,FALSE,0,0.0000088639679022249,0.0000215346821288613,0.0000126707142266364,142.9,FALSE,FALSE,FALSE,TRUE,"L"
"chr1+15871148:15905467","'MIR5096","+",44.32,7,6,9,11,1,2,0.001,0.007,2,50,0.156,FALSE,FALSE,0,0.00000452833360221572,0.00000537847150020317,0.000000850137897987449,18.8,FALSE,TRUE,FALSE,TRUE,"DL"
"chr22+37668025:38024093","'MIR5096","+",366.069,11,6,17,13,5,6,0.003,0.004,2,150,0.308,FALSE,FALSE,0,0.00000103557516001185,0.000000769566825220247,-0.000000266008334791606,-25.7,FALSE,TRUE,FALSE,TRUE,"DL"
"chr1+1632779:1701808","'MMP23A","+",79.03,9,6,13,14,2,17,0.001,0.035,3,360,0.565,FALSE,TRUE,1.38675131315115,0.0000036681494907034,0.00000383885750686858,0.000000170708016165178,4.7,FALSE,FALSE,FALSE,TRUE,"L"
"chr6+31546850:31558829","'NFKBIL1","+",21.98,15,6,31,17,8,4,0.003,0.014,2,180,0.225,FALSE,FALSE,0,0.00003145065262742,0.0000167605077637235,-0.0000146901448636965,-46.7,FALSE,TRUE,FALSE,TRUE,"DL"
"chr6+154010495:154246867","'OPRM1","+",246.373,9,6,10,10,3,3,0.002,0.002,2,270,0.15,FALSE,FALSE,0,0.000000905112461593693,0.000000879574897666268,-0.0000000255375639274257,-2.8,FALSE,FALSE,FALSE,TRUE,"L"
"chr14+96502375:96567116","'PAPOLA","+",74.742,2,6,3,16,2,3,0.001,0.004,1,150,0.141,FALSE,TRUE,7.26892786544384,0.000000895060096733656,0.00000463896617725469,0.00000374390608052103,418.3,TRUE,FALSE,FALSE,FALSE,"E"
"chr21+46324121:46445769","'PCNT","+",131.649,5,6,5,11,3,5,0.001,0.003,2,548,0.313,FALSE,FALSE,0,0.000000846931129367572,0.00000181067730775778,0.000000963746178390212,113.8,FALSE,FALSE,FALSE,TRUE,"L"
"chr1+28369581:28500369","'PHACTR4","+",140.789,11,6,16,11,3,3,0.004,0.015,2,360,0.182,FALSE,FALSE,0,0.00000253423517462555,0.00000169312841833527,-0.000000841106756290281,-33.2,FALSE,FALSE,FALSE,TRUE,"L"
"chr5+146203599:146289221","'RBM27","+",95.623,0,6,0,12,0,3,0,0.002,1,21,0.211,FALSE,FALSE,0,0,0.00000271947342705497,0.00000271947342705497,Inf,TRUE,FALSE,FALSE,FALSE,"E"
"chr6-24804280:25042288","'RIPOR2","-",248.009,9,6,12,12,3,10,0.002,0.045,2,150,0.417,FALSE,FALSE,0,0.00000107897022688801,0.00000104852730149018,-0.0000000304429253978284,-2.8,FALSE,FALSE,FALSE,TRUE,"L"
"chr7+77696425:77779803","'RSBN1L","+",93.379,4,6,4,8,3,31,0.001,0.011,2,14,0.691,FALSE,FALSE,0,0.000000955226646249041,0.00000185655024159806,0.000000901323595349017,94.4,FALSE,FALSE,TRUE,FALSE,"A"
"chr14-39031918:39103528","'SEC23A","-",81.611,8,6,11,13,2,7,0.003,0.004,2,270,0.424,FALSE,FALSE,0,0.00000300565854787033,0.0000034519189587378,0.000000446260410867474,14.8,FALSE,FALSE,FALSE,TRUE,"L"
"chr12-120762509:120904352","'SPPL3","-",151.844,12,6,14,15,2,9,0.003,0.038,3,360,0.417,TRUE,FALSE,0,0.00000205601394523532,0.00000214071849657607,0.0000000847045513407498,4.1,FALSE,FALSE,FALSE,TRUE,"L"
"chr16+89873585:89911384","'TCF25","+",47.8,11,6,23,13,4,5,0.001,0.011,3,120,0.314,FALSE,FALSE,0,0.0000107298980491739,0.00000589361000296131,-0.0000048362880462126,-45.1,FALSE,FALSE,FALSE,TRUE,"L"
"chr1-114392776:114511160","'TRIM33","-",128.385,4,6,4,11,1,17,0.002,0.007,3,120,0.552,TRUE,FALSE,0,0.000000694770487207144,0.00000185671111803563,0.00000116194063082849,167.2,FALSE,FALSE,FALSE,TRUE,"L"
"chr2+237966944:238099413","'UBE2F-SCLY","+",142.47,10,6,12,11,2,6,0.001,0.014,2,180,0.409,FALSE,FALSE,0,0.00000187825034744344,0.00000167315123807822,-0.000000205099109365222,-10.9,FALSE,FALSE,FALSE,TRUE,"L"
"chr22+21549446:21624034","'UBE2L3","+",84.589,6,6,6,12,4,3,0.002,0.007,2,1095,0.172,FALSE,FALSE,0,0.00000158173241792826,0.00000307420831922919,0.00000149247590130092,94.4,FALSE,FALSE,FALSE,TRUE,"L"
"chr16-1363204:1414720","'UNKL","-",61.517,14,6,18,22,2,7,0.002,0.028,2,912,0.278,FALSE,FALSE,0,0.0000065248872750687,0.00000774985311016481,0.00000122496583509611,18.8,FALSE,FALSE,FALSE,TRUE,"L"
"chr19+50025892:50048774","'ZNF473","+",32.883,10,6,14,10,2,3,0.002,0.016,2,360,0.214,FALSE,FALSE,0,0.00000949406628045836,0.00000659013795160817,-0.00000290392832885019,-30.6,FALSE,FALSE,FALSE,TRUE,"L"
"chr6-30001010:30061189","'ZNRD1ASP","-",70.18,8,6,9,14,2,4,0.001,0.008,3,150,0.229,FALSE,FALSE,0,0.00000285972848746367,0.00000432295395793422,0.00000146322547047055,51.2,FALSE,FALSE,FALSE,TRUE,"L"
"chr15-64165516:64356259","'CSNK1G1","-",200.744,9,5,11,10,3,8,0.001,0.004,2,360,0.42,FALSE,FALSE,0,0.00000122192842501019,0.00000107950178467467,-0.000000142426640335522,-11.7,FALSE,FALSE,FALSE,TRUE,"L"
"chr10-73134523:73168095","'ECD","-",43.573,3,5,4,12,1,24,0,0.009,2,270,0.606,FALSE,FALSE,0,0.00000204709588506849,0.00000596801247367126,0.00000392091658860277,191.5,FALSE,FALSE,TRUE,FALSE,"A"
"chr7-36852905:37449326","'ELMO1","-",606.422,8,5,11,8,4,34,0.002,0.007,3,1095,0.702,TRUE,FALSE,0,0.000000404495219088762,0.000000285878159120522,-0.00000011861705996824,-29.3,FALSE,FALSE,TRUE,FALSE,"A"
"chr14+99971474:100144236","'EVL","+",182.763,10,5,13,10,2,4,0.001,0.012,2,548,0.33,TRUE,FALSE,0,0.00000158617364701986,0.00000118570775410084,-0.000000400465892919018,-25.2,FALSE,FALSE,FALSE,TRUE,"L"
"chr2-58159242:58241380","'FANCL","-",92.139,2,5,2,11,2,6,0.001,0.057,1,17,0.397,FALSE,FALSE,0,0.000000484041008693871,0.00000258711139570654,0.00000210307038701266,434.5,TRUE,FALSE,FALSE,FALSE,"E"
"chr17-58420166:58488401","'HSF5","-",78.236,8,5,8,8,2,34,0.003,0.01,2,21,0.701,FALSE,FALSE,0,0.00000228023183700826,0.00000221589555971912,-0.0000000643362772891421,-2.8,FALSE,FALSE,TRUE,FALSE,"A"
"chr3-121769760:121835079","'IQCB1","-",75.32,3,5,3,5,1,79,0,0.028,3,28,0.752,FALSE,FALSE,0,0.000000888191473049215,0.00000143855221895069,0.000000550360745901471,62,FALSE,FALSE,TRUE,FALSE,"A"
"chr16-15594368:15643166","'MARF1","-",58.799,8,5,8,17,1,17,0.001,0.007,2,120,0.476,FALSE,FALSE,0,0.00000303400088437182,0.00000626534397943236,0.00000323134309506054,106.5,FALSE,FALSE,FALSE,TRUE,"L"
"chr6+33391535:33409922","'KIFC1","+",28.388,8,5,10,10,2,42,0.002,0.003,2,21,0.7,FALSE,FALSE,0,0.000007855265340997,0.00000763363062782624,-0.000000221634713170763,-2.8,FALSE,FALSE,TRUE,FALSE,"A"
"chr12-49018974:49055324","'KMT2D","-",46.351,10,5,15,11,4,33,0.002,0.008,1,14,0.678,TRUE,FALSE,0,0.00000721651978922428,0.00000514279857800273,-0.00000207372121122155,-28.7,FALSE,FALSE,TRUE,FALSE,"A"
"chr1+235512822:235718113","'MIR5096","+",215.292,4,5,4,7,1,1,0.001,0.005,1,548,0,FALSE,FALSE,0,0.000000414312231760071,0.000000704589368782453,0.000000290277137022382,70.1,FALSE,TRUE,FALSE,TRUE,"DL"
"chr16-48538725:48610209","'N4BP1","-",81.485,3,5,3,8,1,32,0.001,0.051,2,120,0.67,FALSE,FALSE,0,0.000000820992596797778,0.00000212754255396926,0.00000130654995717148,159.1,FALSE,FALSE,TRUE,FALSE,"A"
"chr8-80967810:81112068","'PAG1","-",154.259,11,5,16,11,2,2,0.002,0.008,2,360,0.126,FALSE,FALSE,0,0.00000231294404864777,0.00000154528330203751,-0.000000767660746610262,-33.2,FALSE,FALSE,FALSE,TRUE,"L"
"chr8-65714333:65841734","'PDE7A","-",137.402,9,5,9,11,3,4,0.001,0.005,2,120,0.257,FALSE,FALSE,0,0.00000146064646257115,0.0000017348645353707,0.00000027421807279955,18.8,FALSE,FALSE,FALSE,TRUE,"L"
"chr20+35772000:35950366","'PHF20","+",188.367,10,5,15,11,4,38,0.001,0.019,2,60,0.692,TRUE,FALSE,0,0.00000177575110688355,0.00000126547567720994,-0.000000510275429673616,-28.7,FALSE,FALSE,TRUE,FALSE,"A"
"chr7+72879334:72951440","'POM121","+",82.107,2,5,2,7,2,29,0.001,0.005,2,28,0.686,FALSE,FALSE,0,0.000000543182122109499,0.0000018474972217218,0.0000013043150996123,240.1,FALSE,FALSE,TRUE,FALSE,"A"
"chr11+70270699:70384501","'PPFIA1","+",123.803,6,5,6,11,3,20,0.001,0.021,4,270,0.593,FALSE,FALSE,0,0.0000010807263434661,0.00000192542876092667,0.000000844702417460568,78.2,FALSE,FALSE,FALSE,TRUE,"L"
"chr4-82818508:82900571","'SEC31A","-",92.064,5,5,6,6,2,66,0.003,0.004,2,60,0.736,FALSE,FALSE,0,0.00000145330599908904,0.00000141230126605013,-0.0000000410047330389184,-2.8,FALSE,FALSE,TRUE,FALSE,"A"
"chr17+77281409:77500596","'SEPT9","+",229.188,10,5,14,8,3,27,0.001,0.025,2,28,0.658,TRUE,FALSE,0,0.00000136217158621006,0.000000756421824049187,-0.000000605749762160877,-44.5,FALSE,FALSE,TRUE,FALSE,"A"
"chr22+31496138:31618551","'SFI1","+",132.414,10,5,22,10,2,24,0.001,0.008,2,28,0.619,FALSE,FALSE,0,0.00000370496774888222,0.00000163656038079607,-0.00000206840736808615,-55.8,FALSE,TRUE,TRUE,FALSE,"DA"
"chr1+40373705:40423326","'SMAP2","+",59.622,4,5,4,6,2,61,0.001,0.004,2,28,0.758,FALSE,FALSE,0,0.000001496060330081,0.00000218077393843948,0.000000684713608358485,45.8,FALSE,FALSE,TRUE,FALSE,"A"
"chr7+100177723:100214387","'STAG3","+",46.665,5,5,6,11,1,35,0.001,0.005,1,60,0.688,FALSE,FALSE,0,0.00000286718447444838,0.00000510819365453776,0.00000224100918008938,78.2,FALSE,FALSE,TRUE,FALSE,"A"
"chr17-9250470:9575958","'STX8","-",335.489,6,5,7,10,1,4,0.001,0.045,2,360,0.208,FALSE,FALSE,0,0.000000465281099380773,0.000000645933268341827,0.000000180652168961055,38.8,FALSE,FALSE,FALSE,TRUE,"L"
"chr8+9555934:9782346","'TNKS","+",236.413,5,5,5,15,1,8,0.001,0.003,2,28,0.359,FALSE,FALSE,0,0.000000471622272252843,0.00000137494663742729,0.000000903324365174442,191.5,TRUE,FALSE,FALSE,FALSE,"E"
"chr16+78099412:79212667","'WWOX","+",1123.256,9,5,13,11,2,5,0.001,0.007,3,1095,0.273,TRUE,FALSE,0,0.000000258083512796985,0.000000212216856076446,-0.0000000458666567205387,-17.8,FALSE,FALSE,FALSE,TRUE,"L"
"chr1+99850083:99924023","'AGL","+",83.941,1,4,1,10,1,4,0.001,0.001,1,14,0.311,FALSE,FALSE,0,0.000000265657155025819,0.00000258161692453904,0.00000231595976951322,871.8,TRUE,FALSE,FALSE,FALSE,"E"
"chr8-100509751:100559786","'ANKRD46","-",60.036,3,4,3,4,1,24,0,0.002,2,21,0.589,FALSE,FALSE,0,0.00000111430777783441,0.00000144382374750304,0.000000329515969668626,29.6,FALSE,FALSE,TRUE,FALSE,"A"
"chr15-34856350:34969794","'AQR","-",123.445,8,4,8,7,9,84,0.002,0.022,3,28,0.79,FALSE,FALSE,0,0.00000144514737737598,0.00000122882623341498,-0.000000216321143961006,-15,FALSE,FALSE,TRUE,FALSE,"A"
"chr9-26840684:26892828","'CAAP1","-",62.145,6,4,8,5,1,27,0.001,0.004,2,60,0.663,FALSE,FALSE,0,0.0000028706447501839,0.0000017435313079309,-0.000001127113442253,-39.3,FALSE,FALSE,TRUE,FALSE,"A"
"chr5+180494398:180578405","'CNOT6","+",94.008,9,4,12,10,1,2,0.001,0.014,2,270,0.162,FALSE,FALSE,0,0.00000284650590375572,0.00000230516026575112,-0.000000541345638004599,-19,FALSE,FALSE,FALSE,TRUE,"L"
"chr9+137763021:137764772","'EHMT1","+",11.752,3,4,3,5,2,1,0.001,0.004,1,28,0,FALSE,FALSE,0,0.00000569252737832428,0.00000921985646114412,0.00000352732908281984,62,FALSE,FALSE,FALSE,TRUE,"L"
"chr1-11066612:11099910","'EXOSC10","-",43.299,7,4,6,7,2,70,0.002,0.008,2,60,0.776,FALSE,FALSE,0,0.00000309007514030656,0.00000350337084883974,0.000000413295708533179,13.4,FALSE,FALSE,TRUE,FALSE,"A"
"chr1-150646224:150697196","'GOLPH3L","-",60.973,13,4,18,9,4,24,0.002,0.006,2,28,0.635,FALSE,FALSE,0,0.00000658310220098079,0.00000319868065596999,-0.0000033844215450108,-51.4,FALSE,FALSE,TRUE,FALSE,"A"
"chrY-19705414:19744939","'KDM5D","-",49.526,3,4,3,5,1,2,0.001,0.003,2,28,0.133,FALSE,FALSE,0,0.00000135077700097054,0.00000218777517125077,0.000000836998170280232,62,FALSE,FALSE,TRUE,FALSE,"A"
"chr7-1815791:2232948","'MAD1L1","-",427.158,11,4,11,9,2,35,0.002,0.007,2,150,0.702,TRUE,FALSE,0,0.000000574248403986921,0.000000456583174461109,-0.000000117665229525813,-20.5,FALSE,FALSE,TRUE,FALSE,"A"
"chr19-4090321:4124129","'MAP2K2","-",43.809,9,4,10,10,5,2,0.001,0.004,2,120,0.082,FALSE,FALSE,0,0.0000050901703417157,0.00000494655222129543,-0.000000143618120420271,-2.8,FALSE,FALSE,FALSE,TRUE,"L"
"chr2-31867809:32011052","'MEMO1","-",153.244,10,4,11,4,3,47,0.008,0.006,2,270,0.681,FALSE,FALSE,0,0.00000160068126484721,0.000000565643043154006,-0.0000010350382216932,-64.7,FALSE,FALSE,TRUE,FALSE,"A"
"chr6+31739947:31764847","'MSH5-SAPCD1","+",34.901,12,4,15,5,3,43,0.002,0.039,2,21,0.708,FALSE,FALSE,0,0.00000958404941836436,0.00000310454580474387,-0.00000647950361362049,-67.6,FALSE,FALSE,TRUE,FALSE,"A"
"chr22+29883168:30030868","'MTMR3","+",157.701,11,4,16,9,3,261,0.002,0.041,5,120,0.859,TRUE,FALSE,0,0.00000226246146822377,0.00000123672745027906,-0.00000102573401794471,-45.3,FALSE,FALSE,TRUE,FALSE,"A"
"chr7+44606521:44709070","'OGDH","+",112.55,12,4,19,10,3,17,0.002,0.033,4,360,0.537,FALSE,FALSE,0,0.00000376446928254486,0.00000192539765671019,-0.00000183907162583467,-48.9,FALSE,FALSE,FALSE,TRUE,"L"
"chr11-59636715:59669038","'PATL1","-",42.324,3,4,3,4,2,578,0.003,0.26,5,360,0.793,FALSE,FALSE,0,0.00000158062994400498,0.0000020480437223583,0.000000467413778353313,29.6,FALSE,FALSE,TRUE,FALSE,"A"
"chr10+103396654:103446262","'PDCD11","+",59.609,2,4,2,4,1,27,0,0.012,3,180,0.65,FALSE,FALSE,0,0.00000074819330134786,0.00000145416635919228,0.000000705973057844418,94.4,FALSE,FALSE,TRUE,FALSE,"A"
"chr11+14643722:14872058","'PDE3B","+",238.337,9,4,12,16,3,35,0.001,0.004,2,60,0.669,FALSE,FALSE,0,0.00000112275612682994,0.00000145477038823334,0.000000332014261403402,29.6,FALSE,FALSE,TRUE,FALSE,"A"
"chr10+27504173:27542237","'RAB18","+",48.065,4,4,5,4,2,24,0.001,0.031,2,28,0.595,FALSE,FALSE,0,0.00000231972612608159,0.00000180342042037018,-0.000000516305705711411,-22.3,FALSE,FALSE,TRUE,FALSE,"A"
"chr2+86720290:86778041","'RMND5A","+",67.752,0,4,0,4,0,26,0,0.007,1,21,0.647,FALSE,FALSE,0,0,0.00000127939252723303,0.00000127939252723303,Inf,FALSE,FALSE,TRUE,FALSE,"A"
"chr7-7636562:7718607","'RPA3","-",92.046,4,4,4,5,6,87,0.008,0.02,4,120,0.752,FALSE,FALSE,0,0.000000969060132977959,0.00000117714787314349,0.000000208087740165531,21.5,FALSE,FALSE,TRUE,FALSE,"A"
"chr5+14143701:14510204","'TRIO","+",376.504,1,4,1,7,1,61,0.001,0.025,4,1584,0.762,TRUE,FALSE,0,0.0000000592278627850496,0.000000402897324819688,0.000000343669462034639,580.2,FALSE,FALSE,TRUE,FALSE,"A"
"chr2-61477933:61538283","'XPO1","-",70.351,4,4,4,5,1,25,0.001,0.007,3,120,0.662,FALSE,FALSE,0,0.00000126790108172008,0.0000015401593883721,0.000000272258306652023,21.5,FALSE,FALSE,TRUE,FALSE,"A"
"chr7+91940874:92110673","'AKAP9","+",179.8,9,3,10,8,4,25,0.001,0.003,1,14,0.54,TRUE,FALSE,0,0.00000124024067019034,0.000000964198025640629,-0.00000027604264454971,-22.3,FALSE,FALSE,TRUE,FALSE,"A"
"chr1+147173193:147295766","'CHD1L","+",132.574,0,3,0,8,0,25,0,0.009,2,21,0.656,FALSE,FALSE,0,0,0.00000130766820802107,0.00000130766820802107,Inf,FALSE,FALSE,TRUE,FALSE,"A"
"chr4+51842999:51916837","'DCUN1D4","+",83.839,6,3,6,5,1,32,0.001,0.048,5,120,0.615,FALSE,FALSE,0,0.00000159588214912074,0.00000129237888251727,-0.000000303503266603468,-19,FALSE,FALSE,TRUE,FALSE,"A"
"chr15+39934123:40035596","'EIF2AK4","+",111.474,1,3,1,5,1,43,0,0.003,2,21,0.659,FALSE,FALSE,0,0.000000200042406749756,0.000000971991254744296,0.00000077194884799454,385.9,FALSE,FALSE,TRUE,FALSE,"A"
"chr14+23469688:23478193","'NGDN","+",18.506,2,3,2,3,1,44,0,0.005,1,14,0.623,FALSE,FALSE,0,0.00000240997808819002,0.00000351297157023773,0.0000011029934820477,45.8,FALSE,FALSE,TRUE,FALSE,"A"
"chr19-46674315:46717127","'PRKD2","-",52.813,3,3,3,5,2,24,0.001,0.011,2,50,0.657,FALSE,FALSE,0,0.00000126670671520396,0.00000205161140498297,0.000000784904689779008,62,FALSE,FALSE,TRUE,FALSE,"A"
"chr9+122941008:123104868","'RABGAP1","+",173.861,9,3,10,7,1,29,0.001,0.005,2,28,0.686,FALSE,FALSE,0,0.00000128260663691238,0.000000872492706149809,-0.000000410113930762569,-32,FALSE,FALSE,TRUE,FALSE,"A"
"chr22+20859003:20891213","'SNAP29","+",42.211,1,3,1,4,1,27,0,0.006,2,90,0.65,FALSE,FALSE,0,0.000000528287111180079,0.00000205352639134568,0.0000015252392801656,288.7,FALSE,FALSE,TRUE,FALSE,"A"
"chr19-37738301:37779590","'ZNF573","-",51.29,4,3,5,4,1,86,0.001,0.61,2,1095,0.677,FALSE,FALSE,0,0.00000217386695749876,0.00000169002539491309,-0.000000483841562585669,-22.3,FALSE,FALSE,TRUE,FALSE,"A"
"chr20+5750386:5864407","'C20orf196","+",124.022,3,2,3,2,2,1,0.001,0.004,1,28,0,FALSE,FALSE,0,0.000000539408989937809,0.000000349459783365421,-0.000000189949206572387,-35.2,FALSE,FALSE,TRUE,FALSE,"A"
"chr3+33113957:33147773","'CRTAP","+",43.817,1,2,1,2,1,35,0,0.004,2,21,0.472,FALSE,FALSE,0,0.000000508924099094468,0.000000989129818393461,0.000000480205719298993,94.4,FALSE,FALSE,TRUE,FALSE,"A"
"chr2+27628647:27650846","'GPN1","+",32.2,5,2,5,5,1,62,0.001,0.017,2,14,0.711,FALSE,FALSE,0,0.00000346265951087303,0.0000033649612773716,-0.0000000976982335014238,-2.8,FALSE,FALSE,TRUE,FALSE,"A"
"chr17-76712831:76726799","'JMJD6","-",23.969,5,2,5,10,1,53,0.002,0.015,2,14,0.755,FALSE,TRUE,0.0577591979432278,0.00000465174334557601,0.00000904099070727737,0.00000438924736170136,94.4,FALSE,FALSE,TRUE,FALSE,"A"
"chr1+215567378:215621821","'KCTD3","+",64.444,3,2,4,2,1,1,0.001,0,1,14,0,FALSE,FALSE,0,0.00000138411813357472,0.000000672532761041311,-0.000000711585372533408,-51.4,FALSE,FALSE,TRUE,FALSE,"A"
"chr2-186033533:186086317","'LINC01473","-",62.785,0,2,0,2,0,82,0,0.075,2,28,0.488,FALSE,FALSE,0,0,0.000000690303436370889,0.000000690303436370889,Inf,FALSE,FALSE,TRUE,FALSE,"A"
"chr19+27793466:27806780","'LOC101927151","+",23.315,1,2,1,2,2,31,0.001,0.004,3,60,0.469,FALSE,FALSE,0,0.000000956445517907883,0.00000185891920448408,0.000000902473686576194,94.4,FALSE,FALSE,TRUE,FALSE,"A"
"chr17-28905252:28951490","'PHF12","-",56.239,5,2,5,4,3,40,0.001,0.014,4,120,0.67,FALSE,FALSE,0,0.00000198256790216952,0.00000154130412178546,-0.000000441263780384057,-22.3,FALSE,FALSE,TRUE,FALSE,"A"
"chr17-64477784:64497066","'POLG2","-",29.283,3,2,4,5,3,43,0.001,0.003,2,21,0.708,FALSE,FALSE,0,0.00000304607140662122,0.00000370015890214,0.000000654087495518781,21.5,FALSE,FALSE,TRUE,FALSE,"A"
"chr9-82979584:83063128","'RASEF","-",93.545,0,2,0,2,0,43,0,0.005,3,60,0.477,FALSE,FALSE,0,0,0.000000463313926479729,0.000000463313926479729,Inf,FALSE,FALSE,TRUE,FALSE,"A"
"chr1-28578537:28581854","'SNHG12","-",13.318,1,2,1,3,2,96,0.001,0.057,5,360,0.646,FALSE,FALSE,0,0.00000167439009235788,0.00000488144254984378,0.00000320705245748589,191.5,FALSE,FALSE,TRUE,FALSE,"A"
"chr12-57009996:57016560","'TAC3","-",16.565,4,2,6,2,2,42,0.001,0.018,2,21,0.477,FALSE,FALSE,0,0.00000807710012074457,0.0000026164021281344,-0.00000546069799261017,-67.6,FALSE,FALSE,TRUE,FALSE,"A"
"chr3+30606501:30694141","'TGFBR2","+",97.641,2,2,2,4,1,31,0.001,0.002,2,21,0.662,TRUE,FALSE,0,0.00000045676564660383,0.000000887756193659349,0.000000430990547055519,94.4,FALSE,FALSE,TRUE,FALSE,"A"
"chr3+179562879:179588405","'ACTL6A","+",35.527,5,1,5,1,2,40,0.001,0.003,1,14,0,FALSE,FALSE,0,0.00000313839154024014,0.000000609968492309318,-0.00000252842304793082,-80.6,FALSE,FALSE,TRUE,FALSE,"A"
"chr19-50797692:50804853","'C19orf48","-",17.162,1,1,1,1,1,28,0,0.027,3,60,0,FALSE,FALSE,0,0.00000129935481004675,0.00000126269377847996,-0.0000000366610315667851,-2.8,FALSE,FALSE,TRUE,FALSE,"A"
"chr6+73696084:73828317","'CD109","+",142.234,6,1,8,1,2,32,0.001,0.002,1,14,0,TRUE,FALSE,0,0.00000125424454068773,0.000000152357035773958,-0.00000110188750491377,-87.9,FALSE,FALSE,TRUE,FALSE,"A"
"chr21+33402895:33437521","'IFNGR2","+",44.627,0,1,0,3,0,53,0,0.722,5,36,0.542,TRUE,FALSE,0,0,0.00000145676500501534,0.00000145676500501534,Inf,FALSE,FALSE,TRUE,FALSE,"A"
"chr16-75627723:75647687","'KARS","-",29.965,1,1,1,1,1,24,0.003,0.002,1,14,0,FALSE,FALSE,0,0.000000744185791757794,0.00000072318874107369,-0.0000000209970506841037,-2.8,FALSE,FALSE,TRUE,FALSE,"A"
"chr11+12110575:12263790","'MICAL2","+",163.216,2,1,2,1,1,39,0.001,0.028,3,28,0,FALSE,FALSE,0,0.000000273251730835485,0.00000013277099442624,-0.000000140480736409246,-51.4,FALSE,FALSE,TRUE,FALSE,"A"
"chr7+5045820:5073223","'RBAK-RBAKDN","+",37.404,1,1,1,1,1,28,0,0.004,2,21,0,FALSE,FALSE,0,0.000000596180281521289,0.000000579359176191668,-0.0000000168211053296216,-2.8,FALSE,FALSE,TRUE,FALSE,"A"
"chr1-100264741:100266174","'RTCA-AS1","-",11.434,0,1,0,1,0,27,0,0.002,1,14,0,FALSE,FALSE,0,0,0.000001895255433468,0.000001895255433468,Inf,FALSE,FALSE,TRUE,FALSE,"A"
"chrX+47658832:47660111","'UXT-AS1","+",11.28,0,1,0,1,0,43,0,0.039,2,28,0,FALSE,FALSE,0,0,0.0000019211303746696,0.0000019211303746696,Inf,FALSE,FALSE,TRUE,FALSE,"A"
"chr7+65373798:65401135","'ZNF92","+",37.338,0,1,0,5,0,42,0,0.003,2,21,0.662,FALSE,FALSE,0,0,0.00000290191636218774,0.00000290191636218774,Inf,FALSE,FALSE,TRUE,FALSE,"A"
"chr11-215029:236362","'SIRT3","-",31.334,18,10,37,21,4,4,0.006,0.002,2,50,0.198,FALSE,FALSE,0,0.000026331860223745,0.0000145234366232124,-0.0000118084236005326,-44.8,FALSE,TRUE,FALSE,FALSE,"D"
"chr3-49724294:49786540","'IP6K1","-",72.247,22,9,60,26,5,2,0.007,0.004,2,90,0.113,FALSE,FALSE,0,0.0000185194075186698,0.00000779865068837601,-0.0000107207568302938,-57.9,FALSE,TRUE,FALSE,FALSE,"D"
"chr17+47522956:47623276","'NPEPPS","+",110.321,14,9,26,12,2,3,0.002,0.004,2,28,0.218,FALSE,FALSE,0,0.00000525546095938742,0.00000235715962976476,-0.00000289830132962267,-55.1,FALSE,TRUE,FALSE,FALSE,"D"
"chr17-4163817:4263995","'ANKFY1","-",110.179,15,8,36,20,3,9,0.002,0.025,2,60,0.422,FALSE,TRUE,1.7740421349779,0.00000728617051344451,0.00000393366260835062,-0.00000335250790509389,-46,FALSE,TRUE,FALSE,FALSE,"D"
"chr1-44850521:44986722","'EIF2B3","-",146.202,18,8,42,14,7,6,0.004,0.026,2,1825,0.326,FALSE,FALSE,0,0.00000640606930480388,0.00000207510778763508,-0.0000043309615171688,-67.6,FALSE,TRUE,FALSE,FALSE,"D"
"chr9+136886512:136926615","'TRAF2","+",50.104,25,8,53,22,3,4,0.002,0.004,2,60,0.242,FALSE,FALSE,0,0.0000235884349403477,0.00000951516273706708,-0.0000140732722032806,-59.7,FALSE,TRUE,FALSE,FALSE,"D"
"chr16+2047894:2088720","'TSC2","+",50.827,16,8,42,21,3,1,0.008,0.003,2,50,0,TRUE,FALSE,0,0.0000184268232337328,0.00000895345708288382,-0.00000947336615084898,-51.4,FALSE,TRUE,FALSE,FALSE,"D"
"chr16+649362:667829","'WDR90","+",28.468,10,8,23,11,2,3,0.001,0.003,1,28,0.206,FALSE,FALSE,0,0.0000180163385819346,0.00000837339668712254,-0.00000964294189481201,-53.5,FALSE,TRUE,FALSE,FALSE,"D"
"chr6+30766824:30792250","'HCG20","+",35.427,20,7,38,20,3,4,0.002,0.006,2,90,0.259,FALSE,FALSE,0,0.0000239191022525432,0.0000122338050787666,-0.0000116852971737766,-48.9,FALSE,TRUE,FALSE,FALSE,"D"
"chr16-729754:741038","'NARFL","-",21.285,12,7,25,10,4,3,0.003,0.003,2,50,0.229,FALSE,FALSE,0,0.0000261915988372355,0.0000101810432822519,-0.0000160105555549836,-61.1,FALSE,TRUE,FALSE,FALSE,"D"
"chr8+22440969:22541144","'PPP3CC","+",110.176,18,7,27,13,3,3,0.002,0.004,1,28,0.205,FALSE,FALSE,0,0.00000546477668231377,0.00000255695031714303,-0.00000290782636517074,-53.2,FALSE,TRUE,FALSE,FALSE,"D"
"chr16-1510426:1612108","'IFT140","-",111.683,17,6,32,16,3,3,0.002,0.028,2,28,0.188,FALSE,FALSE,0,0.00000638937772087707,0.00000310455136431122,-0.00000328482635656585,-51.4,FALSE,TRUE,FALSE,FALSE,"D"
"chr3-49029706:49094373","'QRICH1","-",74.668,19,6,45,19,3,7,0.003,0.004,2,360,0.364,FALSE,FALSE,0,0.0000134392072407324,0.00000551423182486727,-0.00000792497541586508,-59,FALSE,TRUE,FALSE,FALSE,"D"
"chr6-485137:693141","'EXOC2","-",218.005,18,5,34,10,3,4,0.002,0.001,1,21,0.243,FALSE,FALSE,0,0.00000347782815302749,0.000000994029982168901,-0.00000248379817085859,-71.4,FALSE,TRUE,FALSE,FALSE,"D"
"chr16-1809102:1827194","'HAGH","-",28.093,15,5,28,12,4,6,0.002,0.003,2,60,0.317,FALSE,FALSE,0,0.0000222257061545803,0.00000925654816200753,-0.0000129691579925728,-58.4,FALSE,TRUE,FALSE,FALSE,"D"
"chr16-2253115:2268412","'RNPS1","-",25.298,24,5,69,16,4,2,0.003,0.005,1,360,0.128,FALSE,FALSE,0,0.0000608217005396292,0.0000137056530168539,-0.0000471160475227753,-77.5,FALSE,TRUE,FALSE,FALSE,"D"
"chr2-61187454:61470714","'USP34","-",293.261,17,5,25,10,4,2,0.003,0.003,1,180,0.133,FALSE,FALSE,0,0.00000190099665912125,0.00000073894417008307,-0.00000116205248903818,-61.1,FALSE,TRUE,FALSE,FALSE,"D"
"chr12+752922:911452","'WNK1","+",168.531,16,5,28,14,3,4,0.002,0.003,2,28,0.164,FALSE,FALSE,0,0.00000370487781476775,0.00000180017272055482,-0.00000190470509421294,-51.4,FALSE,TRUE,FALSE,FALSE,"D"
"chr16-1997651:2009821","'ZNF598","-",22.171,14,4,22,10,2,3,0.002,0.007,1,60,0.15,FALSE,FALSE,0,0.0000221275359478819,0.0000097741872835114,-0.0000123533486643705,-55.8,FALSE,TRUE,FALSE,FALSE,"D"
