"timepoint","num_UniqueSites","num_UniqueSites_CR","num_UniqueSites_NR","num_Patients","num_Patients_CR","num_Patients_NR","estAbund","relAbund","refSeq_counts.10k","refSeq_counts.100k","refSeq_counts.1M","GC.100","GC.1k","GC.10k","GC.100k","GC.1M","CpG_counts.1k","CpG_counts.10k","CpG_density.10k","CpG_density.100k","CpG_density.1M","DNaseI_count.1k","DNaseI_count.10k","DNaseI_count.100k","DNaseI_count.1M","hg38.10k...34","hg38.10k...35","hg38.10k...36","hg38.10k...37","hg38.10k...38","hg38.10k...39","hg38.10k...40","hg38.10k...41","hg38.10k...42","hg38.10k...43","hg38.10k...44","hg38.10k...45","hg38.10k...46","hg38.10k...47","hg38.10k...48","hg38.10k...49","hg38.10k...50","hg38.10k...51","hg38.10k...52","hg38.10k...53","hg38.10k...54","hg38.10k...55","hg38.10k...56","hg38.10k...57","hg38.10k...58","hg38.10k...59","hg38.10k...60","hg38.10k...61","hg38.10k...62","hg38.10k...63","hg38.10k...64","hg38.10k...65","hg38.10k...66","hg38.10k...67","hg38.10k...68","hg38.10k...69","hg38.10k...70","hg38.10k...71","hg38.10k...72","hg38.10k...73","hg38.10k...74","hg38.10k...75","hg38.10k...76","hg38.10k...77","hg38.10k...78","hg38.10k...79","hg38.10k...80","hg38.10k...81","hg38.10k...82","hg38.10k...83","hg38.10k...84","hg38.10k...85","hg38.10k...86","hg38.10k...87","hg38.10k...88","hg38.10k...89","hg38.10k...90","hg38.10k...91","hg38.10k...92","hg38.10k...93","clustersRepresented","numSitesInClusters","abundInClusters"
"d0",147690,110764,37202,59,0,0,1.09412184593836,0.000429907323930578,2.82088094869326,7.6192499612792,52.6102128633863,0.410426016046726,0.413728455108706,0.427198819743247,0.443445067115618,0.45370082895691,0.0117848292209891,0.221702941493374,0.0000221702941493374,0.0000284714066372158,0.0000284658980713285,1.06802203426355,9.55274889559315,97.2791792371512,933.824392576231,71.8166384958821,74.8142075030808,441.275360952484,0.169310957870919,0.135568414805223,0.0745878676866717,12.295638354467,20.0931454083866,8.05660644179422,22.9705385221449,26.9749358581539,21.7663957333046,29.3432548367329,29.8207664698079,89.5145421854693,14.2951804389255,25.5037205637748,13.9319928080324,29.747755877144,66.5285018754335,19.0439396898296,14.0890578387733,24.485148048135,27.9628819049287,95.1992875372898,24.6881662502778,103.294776395801,47.7700186533243,89.7506043811743,36.8847062943185,5.45060909501074,20.8593121839204,19.4497538703964,82.5929130835898,19.2448366655668,9.94104337402946,38.6924289052452,22.8334130196163,28.2840625189395,39.2884127165839,172.279705587243,11.9995084141981,29.2257995003333,30.708758981542,26.0470036835265,24.2137253449518,0.000702038389110972,0.00212666703254487,6.48070357376144,39.2739547067657,37.3034565889333,30.5344278412649,26.4117805507108,32.3175105556266,55.1469639526192,46.4251409100398,23.4994781109637,36.2888032916047,40.3193893561573,428.589066372158,50,1364,1471
"d1",10,0,10,2,0,0,1.5,0.192857142857143,1.5,3.3,26.6,0.416,0.3907,0.40584,0.408661,0.41333,0,0,0,0.000012,0.0000174,0.9,9.2,92.2,831.5,64.7,69,503.6,0,0,0,8.6,13.3,6.3,23.4,11.8,11.9,14.3,17.4,46.9,12.2,11,10.7,11.1,46,29,26.3,13.8,29.1,92.1,13,48.8,21.7,34.1,35.6,7.1,24.7,12,48.7,32.2,15.5,37.8,23.1,20.7,33.9,223.6,9.6,16.3,20.9,9.5,29.6,0,0,3.3,33.4,31,32.1,31.6,34,53.3,40.7,21.4,34.5,38.7,465.1,0,0,0
"d9",102,0,102,1,0,0,1.27450980392157,0.00965537730243613,2.18627450980392,4.85294117647059,30.8627450980392,0.438137254901961,0.418009803921569,0.41385,0.418016470588235,0.424443305948286,0.00980392156862745,0.127450980392157,0.0000127450980392157,0.0000158823529411765,0.0000152647058823529,0.784313725490196,7.11764705882353,78.9117647058823,793.676470588235,51.2941176470588,61.3823529411765,440.558823529412,0.0882352941176471,0.0792079207920792,0.0686274509803922,9.55882352941176,13.0588235294118,6.23529411764706,19.4705882352941,12.1176470588235,12.4117647058824,15.6666666666667,11.5392156862745,43.7647058823529,12.2941176470588,14.2745098039216,8.90196078431373,11.0980392156863,46.2450980392157,24.6372549019608,20.6470588235294,15.6666666666667,25.5980392156863,71.8235294117647,12.8137254901961,41.1372549019608,23.1176470588235,49.8529411764706,32.6764705882353,5.43137254901961,25.3725490196078,12.6666666666667,42.6078431372549,26.5686274509804,17.9705882352941,32.5686274509804,21.0392156862745,16.2156862745098,27.3039215686275,66.843137254902,15.4019607843137,16.0392156862745,17.9313725490196,11.6666666666667,23.8627450980392,0,0,5.08823529411765,16.1862745098039,28.7843137254902,26.1666666666667,23.3627450980392,28.2549019607843,42.3333333333333,35.7941176470588,19.2941176470588,30.9019607843137,31.1862745098039,422.411764705882,2,3,5
"d10",2198,1561,637,6,0,0,1.22520473157416,0.00258731615501301,2.6533212010919,6.24567788898999,40.9313011828935,0.423111919927207,0.405287989080983,0.413332779737726,0.426223692149245,0.435661809272296,0.00818926296633303,0.163785259326661,0.0000163785259326661,0.00002024567788899,0.0000207220200181984,0.935395814376706,8.85168334849864,89.9749772520473,870.992720655141,65.4285714285714,71.3202911737944,446.898999090082,0.110555050045496,0.0913659205116492,0.0509554140127389,10.8803457688808,16.8935395814377,7.35668789808917,22.3826205641492,20.5141037306642,18.5818926296633,22.9171974522293,22.0081892629663,69.5550500454959,14.1242038216561,20.492720655141,12.6774340309372,22.7361237488626,59.786169244768,21.2411282984531,17.252957233849,21.4212920837125,27.3052775250227,86.5377616014559,19.622838944495,78.1273885350318,39.3776160145587,71.8098271155596,35.7465878070974,5.75978161965423,21.2338489535942,17.0454959053685,69.9281164695177,22.0391264786169,12.1492265696087,36.2424931756142,21.7934485896269,25.1847133757962,33.9353958143767,125.952684258417,10.9749772520473,24.4918107370337,27.1724294813467,18.2356687898089,23.4877161055505,0.0022002200220022,0.00373831775700935,5.38898999090082,30.4099181073703,34.1028207461328,29.3380345768881,26.8971792538672,31.9799818016379,54.7115559599636,45.2429481346679,22.2679708826206,36.2970882620564,37.49135577798,430.291173794358,29,51,63
"d11",26,0,26,1,0,0,1.19230769230769,0.0372596153846154,0.730769230769231,4.69230769230769,35.3846153846154,0.520769230769231,0.429307692307692,0.435553846153846,0.438781538461538,0.43677196124138,0,0.115384615384615,0.0000115384615384615,0.0000165384615384615,0.0000215,1.11538461538462,9.5,86.7692307692308,856.730769230769,53.9230769230769,60,502.461538461538,0.0384615384615385,0.0384615384615385,0.0384615384615385,9.65384615384615,13.9615384615385,6.11538461538461,23.1153846153846,11.1923076923077,11.6153846153846,14.0769230769231,9.19230769230769,57.8846153846154,14.4230769230769,12.3461538461538,9.96153846153846,10.8461538461538,43.3461538461538,28.0769230769231,31.7307692307692,14.5769230769231,30.1538461538462,75,11.8076923076923,57.6153846153846,24.1538461538462,43.7307692307692,36.9230769230769,5.76923076923077,33,14.2692307692308,47.1153846153846,27.6538461538462,16.4230769230769,37.4615384615385,21.4230769230769,15.6153846153846,27.8076923076923,79.6153846153846,15.8076923076923,19.1153846153846,16.5,11.4230769230769,25.2692307692308,0,0,6,11.2692307692308,31.8461538461538,20.9615384615385,21.3846153846154,30.3461538461538,39.0769230769231,32.4230769230769,20.6538461538462,29.3076923076923,40.4230769230769,484.884615384615,0,0,0
"d13",2325,2325,0,2,0,0,1.65247311827957,0.000860059836323209,2.91354838709677,7.95397849462366,52.2331182795699,0.425587096774194,0.419255913978495,0.42856266319105,0.445581981929425,0.456475145792856,0.0124731182795699,0.210322580645161,0.0000210322580645161,0.0000278709677419355,0.0000282417204301075,1.01591397849462,9.24989247311828,96.276559139785,935.551827956989,73.6486021505376,72.7109677419355,438.52,0.163870967741935,0.13479758828596,0.0782795698924731,11.7251612903226,18.6924731182796,7.76430107526882,20.4623655913978,23.8937634408602,19.6021505376344,26.2791397849462,26.7750537634409,87.9660215053763,13.16,21.8886021505376,12.610752688172,26.229247311828,65.1574193548387,18.8258064516129,14.4150537634409,22.0305376344086,27.7015053763441,103.443870967742,22.1948387096774,90.0395698924731,43.3174193548387,83.7088172043011,36.6236559139785,5.33118279569892,20.3810752688172,18.6425806451613,76.1440860215054,18.4933333333333,9.63268817204301,38.4787096774194,22.7238709677419,27.9268817204301,38.8593548387097,174.097204301075,10.5466666666667,27.0133333333333,29.050752688172,23.7591397849462,24.5729032258065,0,0.00219202104340202,6.37935483870968,39.6615053763441,36.0838709677419,29.3402150537634,25.6589247311828,31.6666666666667,56.1750537634409,45.1759139784946,22.5939784946237,34.9901075268817,39.3393548387097,428.160430107527,37,94,249
"d14",30757,27505,3260,17,0,0,1.66145607627066,0.000762167205165505,2.78230050145484,6.78366247755835,45.4603788769888,0.401838501064341,0.402478733728583,0.414640002689329,0.431166987119828,0.443366698203957,0.00863616665634867,0.166099176623537,0.0000166099176623537,0.0000227923605522194,0.0000234933758434966,1.00845044264223,9.06104129263914,92.9166718256671,900.398130378258,70.852039868755,74.1573391939578,444.31105676964,0.130099671887575,0.102265673494724,0.0559338822509751,11.309540023525,18.026434718009,7.66699684269176,20.3867083513898,22.6354237602922,19.8242431746425,25.1262613755959,24.9675602055346,78.2968798365629,14.0057883984399,21.5531789760416,13.2408840463072,25.4940568315483,65.716275614437,19.4600383829629,14.6984151550796,22.575342041726,27.1849501640562,97.8302482510989,21.2903485420665,87.0083266266328,43.205039311583,76.511236302854,36.2462081347118,5.63350461214635,19.6565034358943,17.6138797746549,76.6809880517551,20.1344641862193,10.7172351885099,37.3289791370024,22.2849625456572,28.3881631895004,36.644709960998,147.497740357828,11.0001238160094,26.6374976784498,29.4921067294001,20.8329412493035,23.5994242555562,0.000605326876513317,0.00199367088607595,5.65495573577664,35.4380300872903,35.7619637219092,30.4939639695413,27.4961926577106,32.7033368414536,57.6239707794218,47.1207206091748,23.176592583421,37.381539032997,38.8983780102767,427.021513031635,50,762,1517
"d15",784,784,0,1,0,0,1.13137755102041,0.00127551020408163,2.52551020408163,6.51020408163265,48.3864795918367,0.441033163265306,0.422463010204082,0.42654068877551,0.439713705631652,0.448625382111863,0.00637755102040816,0.181122448979592,0.0000181122448979592,0.0000240178571428571,0.0000253112244897959,0.961734693877551,9.19642857142857,94.3303571428571,908.593112244898,66.6441326530612,70.8341836734694,441.542091836735,0.133928571428571,0.110969387755102,0.0752551020408163,11.4923469387755,20.3252551020408,7.74617346938776,21.5395408163265,26.0293367346939,21.0994897959184,29.0497448979592,28.6989795918367,86.3482142857143,14.5714285714286,24.5612244897959,13.8839285714286,28.3150510204082,64.2551020408163,20.5331632653061,16.3558673469388,23.3864795918367,28.3392857142857,84.8125,23.9438775510204,102.738520408163,45.4706632653061,82.9043367346939,36.5663265306122,5.43112244897959,21.1313775510204,18.4566326530612,80.5102040816327,20.9043367346939,11.1632653061224,38.140306122449,22.1913265306122,27.0484693877551,37.9119897959184,163.422193877551,10.3303571428571,28.3826530612245,29.6951530612245,25.9438775510204,24.1415816326531,0,0.00130378096479791,5.74107142857143,33.7359693877551,35.5510204081633,28.4706632653061,25.1301020408163,31.905612244898,53.1045918367347,44.1964285714286,22.7716836734694,34.3928571428571,37.5165816326531,427.820153061225,8,12,13
"d17",136,0,136,1,0,0,2.03676470588235,0.00735294117647059,2.64705882352941,5.72058823529412,43.0955882352941,0.388235294117647,0.395735294117647,0.406227941176471,0.422676232889846,0.438998448134609,0,0.110294117647059,0.0000110294117647059,0.0000185294117647059,0.0000213014705882353,1.16911764705882,9.38235294117647,93.1029411764706,904.5,70.6470588235294,76.5294117647059,455.066176470588,0.110294117647059,0.0882352941176471,0.00735294117647059,11.3088235294118,19.0441176470588,7.67647058823529,21.7426470588235,25.9926470588235,23.8382352941176,28.9852941176471,26.2647058823529,70.1323529411765,13.8897058823529,25.6544117647059,13.7867647058824,26.5514705882353,65.1323529411765,20.3455882352941,15.9852941176471,26.6029411764706,27.6176470588235,96.6470588235294,24.4485294117647,79.1911764705882,42.2647058823529,74.7867647058823,36.5441176470588,6.15441176470588,19.1397058823529,18.9852941176471,76,21.625,10.1911764705882,38.8088235294118,22.6397058823529,30.8014705882353,36.875,130.529411764706,9.25735294117647,28.4485294117647,32.0294117647059,23.8455882352941,23.1102941176471,0,0,5.70588235294118,31.3897058823529,37.8897058823529,32.8455882352941,29.1029411764706,33.8897058823529,61.3088235294118,49.5,24.0367647058824,40.7647058823529,39.1691176470588,434.573529411765,2,2,3
"d21",3924,3762,162,6,0,0,1.70973496432212,0.00152875192055033,2.92660550458716,6.95769622833843,45.5950560652396,0.401241080530071,0.401938073394495,0.414512600771327,0.431551719471308,0.443497480283805,0.0063710499490316,0.164373088685015,0.0000164373088685015,0.0000229638124362895,0.0000235428134556575,1.03007135575943,9.11926605504587,93.4001019367992,897.325178389399,70.960499490316,73.855504587156,435.626146788991,0.127930682976555,0.101920614596671,0.0563200815494393,11.3340978593272,17.9334862385321,7.6572375127421,19.9046890927625,22.4169215086646,19.506880733945,24.7525484199796,24.9069826707441,78.1021916411825,14.0874108053007,21.2517838939857,13.4617737003058,25.4556574923547,65.6990316004077,19.1783893985729,14.546381243629,22.3137104994903,27.1903669724771,98.2354740061162,21.1605504587156,89.6006625891947,43.611875637105,76.0812945973496,35.9989806320082,5.56422018348624,19.22375127421,17.4566768603466,77.8606014271152,19.8651885830785,10.7966360856269,36.9750254841998,22.1534148827727,28.5423037716616,36.5374617737003,150.493883792049,10.5670234454638,26.7079510703364,29.4528542303772,20.6322629969419,23.4487767584098,0.000630517023959647,0.00156494522691706,5.52395514780836,36.7645259938838,35.3032619775739,30.2571355759429,27.2581549439348,32.6213047910296,58.1156982670744,47.2884811416922,23.1409276248726,37.546126401631,39.112130479103,422.238277268094,40,81,270
"d23",177,0,177,1,0,0,1.25988700564972,0.00564971751412429,1.79661016949153,4.8135593220339,33.8248587570621,0.499491525423729,0.437661016949153,0.430274576271186,0.431066751542801,0.430847580162025,0.0451977401129944,0.163841807909605,0.0000163841807909605,0.0000167796610169492,0.0000172542372881356,0.610169491525424,7.40677966101695,82.3333333333333,816.418079096045,48.0564971751412,54.180790960452,434.621468926554,0.112994350282486,0.0738636363636364,0.0451977401129944,8.61016949152542,13.9378531073446,6.04519774011299,21.4745762711864,14.1468926553672,13.180790960452,16.090395480226,13.361581920904,62.8531073446328,12.1864406779661,16.2090395480226,8.67231638418079,13.1864406779661,35.7966101694915,25.0621468926554,24.6949152542373,15.4463276836158,25.5367231638418,52.7344632768362,13.7909604519774,47.2994350282486,23.7627118644068,50.5197740112994,33.0960451977401,5.40677966101695,27.5819209039548,13.5084745762712,39.1694915254237,25.2203389830508,15.3220338983051,32.6779661016949,20.4689265536723,13.8248587570621,26.0056497175141,112.186440677966,12.9152542372881,15.6610169491525,15.3389830508475,13.7909604519774,25.6214689265537,0,0,5.88135593220339,17.0282485875706,27.6440677966102,22.8757062146893,21.090395480226,26.8531073446328,40.2824858757062,31.6101694915254,18.5819209039548,27.8531073446328,30.3333333333333,416.790960451977,2,2,2
"d25",405,0,405,2,0,0,1.64197530864198,0.00739163018183252,2.06913580246914,5.74567901234568,38.841975308642,0.468197530864198,0.415140740740741,0.416084589271178,0.42360376589381,0.431281510285598,0.0222222222222222,0.150617283950617,0.0000150617283950617,0.0000175802469135802,0.0000180814814814815,0.861728395061728,8.07654320987654,81.7777777777778,803.345679012346,61.4567901234568,63.3728395061728,421.62962962963,0.0864197530864197,0.0746268656716418,0.0320987654320988,9.31111111111111,14.4641975308642,6.79259259259259,20.8074074074074,17.0716049382716,15.5555555555556,19.2320987654321,18.0172839506173,70.7308641975309,12.7481481481481,17.1185185185185,10.4271604938272,18.1753086419753,49.883950617284,21.7382716049383,18.0074074074074,17.5530864197531,25.516049382716,75.5654320987654,16.5950617283951,62.9679012345679,32.8493827160494,66.4864197530864,32.7185185185185,5.54074074074074,21.3679012345679,15.3185185185185,57.0518518518519,22.6888888888889,13.0345679012346,34.1086419753086,21.1135802469136,20.4716049382716,30.7308641975309,131.543209876543,12.8987654320988,20.316049382716,22.4197530864198,16.9876543209877,24.4049382716049,0,0,5.08395061728395,26.4716049382716,31.6123456790123,26.1753086419753,23.5012345679012,28.9185185185185,49.6320987654321,40.2888888888889,20.3012345679012,31.7604938271605,34.3530864197531,407.456790123457,4,16,23
"d28",7288,5139,2149,36,0,0,1.6872461413485,0.00493033801378144,2.4911995667479,5.93853235851611,39.8392905496886,0.418933116707284,0.40815028432169,0.414718502011005,0.426552635997046,0.434925875970866,0.00717573788248037,0.149471974004874,0.0000149471974004874,0.0000192607636068237,0.0000195182778229082,0.935959924180883,8.64771188735445,88.4918765231519,862.361630111021,63.9935012185215,69.4646628757108,451.893988627132,0.113728675873274,0.0889341479972845,0.0488762523693474,10.7682101272678,16.7439750880043,7.37557541294341,21.9647982669916,19.984294611427,17.9327105334416,22.5659355537503,21.3578391551584,62.9416463579745,14.0400758191172,20.2992147305714,12.1402653669104,21.8503926347143,56.8203357703764,22.2981316003249,18.6873815326293,20.8304901164365,27.1340373679935,82.0567289466558,19.1734362307067,73.1158949363661,36.4761711345789,69.8643379366369,35.2024099647983,5.76130517194693,22.1320064987815,16.3345518548605,64.3127538586515,22.9050907121581,13.0476577308421,35.927024099648,21.7140536149472,23.9381261846737,33.3032764689954,112.370430544273,12.5185486054698,23.6051990251828,25.8382074194422,18.5450852965069,23.7442458705659,0.000829324929507381,0.00388888888888889,5.67140536149472,28.9253994042784,34.0419712970485,28.8600054156512,26.3514757649607,31.817221770918,52.6364744110479,43.4821283509342,22.306255077173,35.5426482534525,36.605063633902,433.69428648795,46,135,291
"d36",5,0,5,1,0,0,1,0.2,3.4,6.4,35,0.408,0.418,0.42974,0.437786,0.4455452,0,0.2,0.00002,0.00001,0.0000168,1.2,9.6,97,918.6,56,67.2,428.2,0,0,0,7.4,14.6,7.2,6.2,9.6,12,13.8,13.8,82.4,10.6,9.4,11.4,12.6,70.8,9.4,14.4,15.4,25.8,327.4,10,59.4,33.4,40.4,32,6.2,75.6,11,69.2,16.8,35.8,46,26,35.4,40.8,125.4,179.8,25.2,26.8,9,29,0,0,3.6,22.8,23,24,21,32,48,40.4,16.6,28,31,394.8,0,0,0
"d50",397,397,0,1,0,0,5.49874055415617,0.00251773834897261,2.72040302267003,7.73551637279597,54.9471032745592,0.410352644836272,0.414453400503778,0.42962040302267,0.44496637279597,0.457026711957352,0.0151133501259446,0.211586901763224,0.0000211586901763224,0.0000278841309823678,0.0000297607052896725,1.02518891687657,9.30730478589421,96.1158690176322,938.780856423174,68.8664987405541,72.8564231738035,429.070528967254,0.188916876574307,0.146835443037975,0.0629722921914358,12.9622166246851,18.6146095717884,7.66750629722922,22.1158690176322,23.5843828715365,19.1863979848866,26.3022670025189,26.5566750629723,90.0201511335013,13.5541561712846,22.8261964735516,13.0251889168766,26.2115869017632,66.1712846347607,19.0705289672544,13.3198992443325,22.6423173803526,27.6045340050378,92.5088161209068,21.9546599496222,101.531486146096,46.3224181360202,81.5869017632242,36.4811083123426,5.17128463476071,19.168765743073,18.103274559194,81.6624685138539,18.5239294710327,9.10831234256927,38.5188916876574,22.5869017632242,27.3803526448363,38.6171284634761,174.942065491184,9.08060453400504,27.7380352644836,28.6649874055416,23.8690176322418,23.9244332493703,0,0,5.93954659949622,36.9068010075567,35.0125944584383,28.6725440806045,24.6045340050378,30.7858942065491,52.2015113350126,43.7254408060453,23.0100755667506,34.1511335012594,38.8664987405542,421.916876574307,11,15,133
"m2",1306,886,420,8,0,0,1.34226646248086,0.00586640862195335,2.37748851454824,5.75574272588055,38.9785604900459,0.436316998468606,0.414018843691167,0.418361424350705,0.427645797726774,0.435305468349183,0.00689127105666156,0.153905053598775,0.0000153905053598775,0.0000186370597243492,0.0000190581929555896,0.911179173047473,8.9624808575804,88.8162327718224,860.619448698316,65.3973966309342,69.3399693721286,457.76875957121,0.124808575803982,0.113671274961598,0.057427258805513,10.9724349157734,17.0068912710567,7.35298621745789,24.3843797856049,21.0987748851455,18.7304747320061,23.5061255742726,22.2932618683002,63.0819295558959,14,21.2304747320061,12.4257274119449,23.0199081163859,54.3430321592649,23.4448698315467,20.3828483920368,21.7090352220521,27.771056661562,76.9571209800919,19.9333843797856,73.1163859111792,36.833843797856,78.771056661562,35.3346094946401,5.88897396630934,22.7098009188361,17.4096477794793,63.2756508422665,23.3307810107198,13.0068912710567,35.9885145482389,21.5604900459418,22.7879019908116,33.0826952526799,113.676875957121,11.8568147013783,23.9494640122511,25.5903522205207,19.2442572741194,23.9341500765697,0,0,6.05742725880551,29.9471669218989,34.0880551301685,28.676875957121,25.7166921898928,31.853751914242,51.572741194487,42.6447166921899,21.9655436447167,34.8705972434916,36.7817764165391,441.246554364472,12,16,30
"d63",88,88,0,1,0,0,1.625,0.0113636363636364,1.42045454545455,3.40909090909091,17.8068181818182,0.392954545454545,0.390454545454545,0.393266988062443,0.39707452600657,0.405008886534206,0,0.0568181818181818,0.00000568181818181818,0.00000715909090909091,0.00000754545454545455,0.545454545454545,5.44318181818182,56.3522727272727,546.636363636364,39.8636363636364,47.4090909090909,315.795454545455,0.0681818181818182,0.0568181818181818,0.0113636363636364,6.70454545454545,11.1590909090909,4.39772727272727,18.5340909090909,12.3409090909091,12,14.0909090909091,11.7840909090909,28.3068181818182,10.0113636363636,15.0227272727273,8.85227272727273,13.1931818181818,35.2272727272727,15.6590909090909,14.3068181818182,14.6931818181818,18.1590909090909,51.5113636363636,12.3068181818182,42.4318181818182,23.1818181818182,52.5113636363636,22.2272727272727,4.19318181818182,15.875,11.5454545454545,38.3522727272727,18.6931818181818,9.875,22.5,13.1704545454545,14.9886363636364,18.6477272727273,43.125,9.56818181818182,15.3295454545455,17.3863636363636,9.47727272727273,14.8068181818182,0,0,2.94318181818182,13.6022727272727,23.9545454545455,19.8977272727273,18.5340909090909,20.9090909090909,32.0454545454545,29.0113636363636,14.9886363636364,24.3636363636364,23.5568181818182,296.056818181818,1,2,2
"m3",621,621,0,2,0,0,1.17230273752013,0.00319562661688721,1.5780998389694,5.01610305958132,36.0563607085346,0.487117552334944,0.436975845410628,0.433108051529791,0.434348474222651,0.435091820265952,0.0112721417069243,0.152979066022544,0.0000152979066022544,0.0000178260869565217,0.0000168148148148148,0.822866344605475,8.67632850241546,87.9597423510467,860.657004830918,53.1417069243156,61.3864734299517,486.539452495974,0.103059581320451,0.0741935483870968,0.0418679549114332,10.7616747181965,15.5169082125604,6.94363929146538,26.1513687600644,16.9790660225443,15.4975845410628,19.2834138486312,15.1594202898551,43.1288244766506,13.9404186795491,18.4202898550725,10.1304347826087,15.8132045088567,41.2463768115942,29.024154589372,27.866344605475,18.3446054750403,29.1787439613527,60.2737520128824,16.7133655394525,50.6360708534622,24.8148148148148,60.3800322061192,35.2882447665056,6.09822866344606,31.1545893719807,15.3574879227053,41.304347826087,27.3977455716586,16.061191626409,35.8599033816425,21.4363929146538,15.5990338164251,29.9919484702093,62.487922705314,20.9565217391304,19.0016103059581,19.0499194847021,17.1175523349436,26.29307568438,0,0.0115511551155116,6.0450885668277,18.2367149758454,30.8679549114332,23.9806763285024,22.1046698872786,29.4331723027375,40.133655394525,34.4589371980676,20.1078904991948,29.6054750402576,32.9227053140097,458.553945249597,2,2,7
"d92",14,14,0,1,0,0,1.21428571428571,0.0674603174603175,1.57142857142857,5.28571428571429,54.7857142857143,0.483571428571429,0.426928571428571,0.418592857142857,0.426309285714286,0.433822642857143,0,0.285714285714286,0.0000285714285714286,0.0000214285714285714,0.0000269285714285714,0.857142857142857,8.5,81.5,819.857142857143,64.2142857142857,69.5714285714286,445.357142857143,0.0714285714285714,0,0,9.35714285714286,12.9285714285714,6.42857142857143,28.3571428571429,15,14.6428571428571,16.5,16.2142857142857,33.7857142857143,11.7857142857143,14.9285714285714,8.57142857142857,16.3571428571429,31.7142857142857,24.8571428571429,26.5714285714286,19.2142857142857,25.2142857142857,61.5,12.2142857142857,38.7857142857143,20.9285714285714,77.5714285714286,34.5714285714286,6.57142857142857,31.5714285714286,15.2857142857143,34.0714285714286,27.7857142857143,19.1428571428571,33.1428571428571,17.5714285714286,14.7142857142857,31.2857142857143,71,16.4285714285714,17.2857142857143,18.2857142857143,12.3571428571429,24.2142857142857,0,0,5.28571428571429,25.0714285714286,33.7857142857143,27.8571428571429,26.4285714285714,33.2857142857143,43.2857142857143,42.5,22.7142857142857,33.7142857142857,35.2142857142857,431.071428571429,0,0,0
"d120",17,17,0,1,0,0,6.64705882352941,0.0568124685771745,1.35294117647059,3.11764705882353,30.3529411764706,0.505882352941176,0.464117647058824,0.424635294117647,0.427901764705882,0.427966705882353,0.117647058823529,0.294117647058824,0.0000294117647058824,0.0000117647058823529,0.000015,1.11764705882353,6.76470588235294,72.6470588235294,797.764705882353,48.0588235294118,49.1764705882353,485.411764705882,0,0,0,6.23529411764706,13.1764705882353,5.47058823529412,19.4705882352941,10.5294117647059,13.1764705882353,14.6470588235294,7,30.5882352941176,14.2352941176471,14.2941176470588,8.76470588235294,10.7058823529412,34.4117647058824,29.8235294117647,28.9411764705882,16.7058823529412,28.2941176470588,73.0588235294118,12.5294117647059,34.5294117647059,16.8235294117647,33.2941176470588,30.5882352941176,5.70588235294118,30.1176470588235,10.4705882352941,31.4117647058824,29.5294117647059,16.2941176470588,33.2352941176471,20.1764705882353,11.7647058823529,26.2352941176471,23.5294117647059,10.1176470588235,14.6470588235294,15.9411764705882,10.1176470588235,22.0588235294118,0,0,7.05882352941176,7.52941176470588,23.4705882352941,19.8823529411765,20.6470588235294,25.0588235294118,35.2941176470588,30.4705882352941,18.8235294117647,26.0588235294118,27.3529411764706,459.352941176471,0,0,0
"d121",108,108,0,1,0,0,11.7614678899083,0.0182990329779321,1.75229357798165,4.02752293577982,31.9908256880734,0.495504587155963,0.462917431192661,0.447735976232659,0.44118290153673,0.434454249261018,0.00925925925925926,0.138888888888889,0.0000138888888888889,0.0000165740740740741,0.0000159259259259259,1.31481481481481,9.76851851851852,91.5833333333333,864.703703703704,65.1467889908257,88.5229357798165,553.648148148148,0.0925925925925926,0.0555555555555556,0,32.0642201834862,17.0183486238532,8.13761467889908,27.3302752293578,17.2752293577982,15.3302752293578,23.2385321100917,13.6330275229358,45.8348623853211,16.4403669724771,22.1376146788991,10.5137614678899,14.5137614678899,44.5779816513761,35.954128440367,34.0642201834862,21.1651376146789,38.2935779816514,65.1834862385321,17.7981651376147,58.6880733944954,26.1467889908257,59.6788990825688,46.7798165137615,7.26605504587156,38.1743119266055,16.0733944954128,48.4128440366973,34.0366972477064,16.3394495412844,42.9908256880734,25.7981651376147,16.045871559633,35.3761467889908,65.3211009174312,17.0091743119266,20,19.9449541284404,20.9633027522936,29.2385321100917,0,0,15.2660550458716,26.0366972477064,70.2844036697248,70.5412844036697,60.6238532110092,51.5412844036697,60.8256880733945,44.6146788990826,76.7614678899083,53,111.422018348624,540.166666666667,0,0,0
"m4",278,278,0,2,0,0,1.29136690647482,0.00714871141061834,1.99640287769784,5.00719424460432,31.931654676259,0.477661870503597,0.416625899280576,0.421764720477284,0.426398154241642,0.428023094652399,0.00359712230215827,0.147482014388489,0.0000147482014388489,0.0000163309352517986,0.000015226618705036,0.892086330935252,8.50359712230216,82.0503597122302,799.647482014389,55.6115107913669,62.7410071942446,449.478417266187,0.0611510791366906,0.039568345323741,0.0143884892086331,10.158273381295,15.7625899280576,6.73021582733813,26.8273381294964,18.0647482014388,15.7014388489209,20.8741007194245,18.0827338129496,47.1798561151079,13.3057553956835,19.3597122302158,10.2302158273381,18.8129496402878,43.4064748201439,25.2158273381295,23.2877697841727,19.2697841726619,26.6870503597122,69.0179856115108,17.2697841726619,57.1438848920863,27.1151079136691,64.0323741007194,33.0215827338129,5.5431654676259,24.8669064748201,15.7553956834532,45.5647482014388,24.1258992805755,14.4748201438849,34.3309352517986,20.1942446043165,17.5395683453237,29.1942446043165,80.8812949640288,15.5971223021583,20.7877697841727,21.726618705036,17.8129496402878,23.1294964028777,0,0,6.55755395683453,22.4928057553957,30.7338129496403,25.6654676258993,22.910071942446,28.4928057553957,43.3453237410072,35.7446043165468,19.8093525179856,30.5107913669065,32.4820143884892,428.478417266187,2,2,4
"d147",27,27,0,1,0,0,14.7037037037037,0.037037037037037,1.40740740740741,3.2962962962963,26.7037037037037,0.438148148148148,0.4,0.403344444444444,0.412364743818286,0.422142496361521,0,0.037037037037037,0.0000037037037037037,0.00000592592592592593,0.0000114074074074074,0.888888888888889,8.37037037037037,77,793.259259259259,60.4444444444444,68.0740740740741,467.333333333333,0.037037037037037,0.037037037037037,0,10,14.1851851851852,7.07407407407407,23.1481481481481,16.1851851851852,16.5185185185185,18.037037037037,16.4074074074074,34,12.3333333333333,19.6296296296296,9.14814814814815,15.4444444444444,46.6296296296296,26.2592592592593,26.5925925925926,21.7407407407407,28.1851851851852,111.481481481481,15.0740740740741,40.8518518518519,21.7407407407407,60.1851851851852,31.8148148148148,6.03703703703704,40.1851851851852,13.7037037037037,36.2592592592593,26.5925925925926,31.7407407407407,35,20.6296296296296,17.5925925925926,28.2592592592593,36.8148148148148,64.2592592592593,20,21.8888888888889,14.6666666666667,24.8148148148148,0,0,4.55555555555556,17.7407407407407,33.8148148148148,25.4074074074074,26.4444444444444,29.2962962962963,44.5185185185185,38.8148148148148,21.962962962963,33.4444444444444,31.5555555555556,450.703703703704,0,0,0
"m5",295,295,0,3,0,0,1.43728813559322,0.0101454501742998,1.87796610169492,4.4135593220339,34.0372881355932,0.480135593220339,0.425908474576271,0.418837288135593,0.424868508474576,0.428692618291618,0.0135593220338983,0.155932203389831,0.0000155932203389831,0.000014271186440678,0.0000150779661016949,0.823728813559322,8.67796610169492,85.9423728813559,849.118644067797,58.1423728813559,65.9864406779661,481.749152542373,0.159322033898305,0.115646258503401,0.0610169491525424,10.7084745762712,16.0203389830508,7.23389830508475,29.9457627118644,17.2983050847458,16.0983050847458,20.6203389830508,17.6135593220339,50.9118644067797,14.5220338983051,19.1152542372881,11.3457627118644,18.1898305084746,47.5898305084746,26.3898305084746,25.6271186440678,19.3220338983051,29.2169491525424,62.6881355932203,17.0135593220339,59.8949152542373,31.8745762711864,69.1118644067797,34.8847457627119,6.09491525423729,26.2677966101695,15.7220338983051,53.9423728813559,28.3559322033898,16.1050847457627,34.7559322033898,20.7864406779661,18.5627118644068,29.5152542372881,79.4135593220339,14.0135593220339,21.3423728813559,22.464406779661,16.664406779661,24.0745762711864,0,0.00346020761245675,6.87118644067797,22.8542372881356,32.1152542372881,27.0440677966102,25.1254237288136,31,46.9118644067797,38.7525423728814,21.4372881355932,33.6135593220339,34.1220338983051,453.037288135593,2,2,8
"m6",365,365,0,3,0,0,1.37534246575342,0.00821917808219178,1.91506849315068,6.17260273972603,38.2876712328767,0.44986301369863,0.436370846978153,0.429977636390895,0.438110430303581,0.43916503578959,0.0136986301369863,0.191780821917808,0.0000191780821917808,0.0000226301369863014,0.0000204191780821918,0.857534246575342,8.5013698630137,87.2739726027397,835.002739726027,56.1753424657534,61.558904109589,449.98904109589,0.131506849315068,0.0876712328767123,0.0575342465753425,11.4630136986301,14.9671232876712,6.5972602739726,25.2630136986301,16.3534246575342,14.3287671232877,18.6739726027397,16.7013698630137,53.4575342465753,13.3643835616438,17.4301369863014,10.2602739726027,17.4684931506849,45.0246575342466,25.4219178082192,23.5479452054795,17.3178082191781,27.5671232876712,68.2657534246575,15.4547945205479,63.4767123287671,29.1945205479452,68.786301369863,33.9287671232877,5.4958904109589,26.9698630136986,15.3068493150685,50.0164383561644,24.0931506849315,16.1205479452055,35.8054794520548,21.0931506849315,16.8712328767123,30.1315068493151,91.8,18.3972602739726,19.158904109589,20.2246575342466,16.041095890411,23.9945205479452,0.00338983050847458,0.00280898876404494,5.40547945205479,22.9753424657534,30.9397260273973,24.4164383561644,22.1095890410959,28.6164383561644,41.4630136986301,34.6958904109589,19.972602739726,29.7835616438356,32.5753424657534,435.019178082192,4,4,11
"d204",10,10,0,1,0,0,5.4,0.0931034482758621,1.9,3.2,23.8,0.416,0.4266,0.40891,0.408922,0.415070136842105,0,0.1,0.00001,0.000006,0.0000134,1.4,8.8,70.2,779.5,63.6,67.8,567.8,0,0,0,20.4,8.7,7.5,19,8,10,7.6,4.9,32.9,16.3,9,8.1,9.7,48.9,33.5,27.6,13.2,36,86,6.6,31.7,18.8,36.9,34.2,7,28.1,13.7,36.8,33.9,18.2,37.9,20.2,15.8,27,59.8,12.1,13.3,16.3,7,28.1,0,0,4.9,43.2,37.6,27.3,31.2,35.4,53,42.1,22.9,33.5,38.4,526.8,0,0,0
"m9",640,640,0,4,0,0,1.26905132192846,0.00621707963159668,1.88024883359253,6.03110419906687,40.4510108864697,0.467309486780715,0.434590979782271,0.433705897229133,0.441120869536293,0.440734872886317,0.0124416796267496,0.186625194401244,0.0000186625194401244,0.0000217884914463453,0.000020755832037325,0.917573872472784,8.70606531881804,88.9937791601866,868.351477449456,58.1150855365474,61.2177293934681,458.054432348367,0.136858475894246,0.105919003115265,0.0622083981337481,11.0264385692068,15.3141524105754,7.11197511664075,24.8475894245723,17.5598755832037,15.4883359253499,19.6236391912908,17.9486780715397,48.7822706065319,13.1772939346812,18.6656298600311,10.1975116640746,18.0513219284603,43.8569206842924,25.9160186625194,24.746500777605,18.4059097978227,27.5614307931571,66.0202177293935,17.0108864696734,60.7822706065319,29.2674961119751,71.3001555209953,34.0077760497667,5.63297045101089,28.2208398133748,16.2270606531882,48.9922239502333,24.1804043545879,13.5381026438569,35.1415241057543,20.9844479004666,17.3623639191291,30.49300155521,84.6765163297045,16.4261275272162,19.4883359253499,20.0746500777605,17.1088646967341,24.4261275272162,0.00186567164179104,0.00476190476190476,6.41835147744946,24.4494556765163,31.3561430793157,24.4541213063764,22.0326594090202,28.7527216174184,42.3265940902022,35.9409020217729,20.2783825816485,30.0248833592535,33.4556765163297,442.320373250389,8,9,11
"m12",460,460,0,4,0,0,1.53648068669528,0.0106559636646949,1.90772532188841,5.6824034334764,39.3841201716738,0.469248927038627,0.433857657181213,0.435397264544997,0.441356863804443,0.442215633832901,0.0214592274678112,0.216738197424893,0.0000216738197424893,0.0000240772532188841,0.0000224678111587983,0.869098712446352,8.58583690987125,87.3969957081545,838.523605150215,57.0643776824034,59.8025751072961,443.748927038627,0.124463519313305,0.0901287553648069,0.0536480686695279,10.6158798283262,15.8583690987124,6.7381974248927,23.1952789699571,17.8969957081545,15.3841201716738,20.3497854077253,17.980686695279,58.0901287553648,13.0858369098712,18.3948497854077,10.3326180257511,18.3755364806867,48.5,24.3261802575107,21.1802575107296,17.8412017167382,26.8798283261803,74.9291845493562,17.3261802575107,62.1287553648069,30.1587982832618,63.0450643776824,33.8004291845494,5.22317596566524,26.774678111588,14.6952789699571,51.6480686695279,22.5965665236052,13.4484978540773,35.8669527896996,20.6416309012876,18.2660944206009,31.9957081545064,96.5021459227468,18.8540772532189,21.2381974248927,21.9721030042918,17.4570815450644,23.9914163090129,0,0.00436681222707424,5.53862660944206,24.8261802575107,30.9012875536481,23.0965665236052,20.5836909871245,28.2296137339056,43.0579399141631,34.4871244635193,19.0021459227468,28.5364806866953,32.8369098712446,428.667381974249,5,7,24
"d442",50,50,0,1,0,0,1.84313725490196,0.0357554786620531,1.23529411764706,3.76470588235294,26.9019607843137,0.42156862745098,0.424921568627451,0.418828825233176,0.41404689678001,0.416078354979178,0,0.176470588235294,0.0000176470588235294,0.0000143137254901961,0.000012078431372549,0.686274509803922,6.70588235294118,64,650.156862745098,44.2352941176471,47.9607843137255,363.294117647059,0.137254901960784,0.117647058823529,0.0196078431372549,8.72549019607843,11.8627450980392,4.98039215686275,23.078431372549,14.5098039215686,11.0980392156863,16.2745098039216,10.4705882352941,38.1176470588235,10.1960784313725,16.0196078431373,6.94117647058824,13.5686274509804,40.1764705882353,21.2941176470588,17.8039215686275,15.6274509803922,20.6274509803922,58.2156862745098,13.3529411764706,42.2549019607843,23.0588235294118,63.9607843137255,26.0980392156863,3.72549019607843,21.7058823529412,12.2549019607843,39.5490196078431,19.7058823529412,10.4509803921569,28.0196078431373,15.7058823529412,12.6078431372549,23.8235294117647,37.843137254902,8.35294117647059,15.843137254902,17.6078431372549,14.0588235294118,18.5098039215686,0,0,5.29411764705882,14.0196078431373,24.9607843137255,21.5882352941176,18.2745098039216,24.0980392156863,33.1764705882353,28.9607843137255,17.9411764705882,25.156862745098,26,345.294117647059,1,1,1
"y1.5",252,252,0,1,0,0,1.63779527559055,0.0078177727784027,1.81889763779528,5.75590551181102,41.3740157480315,0.503897637795276,0.441971128608924,0.436348428856095,0.442255981014104,0.443931356130478,0.015748031496063,0.161417322834646,0.0000161417322834646,0.0000209448818897638,0.0000206889763779528,0.850393700787402,8.49606299212598,88.3503937007874,866.181102362205,52.4645669291339,58.1889763779528,454.988188976378,0.114173228346457,0.0708661417322835,0.0275590551181102,11.7125984251969,16.6220472440945,6.8740157480315,24.3425196850394,17.2322834645669,15.7204724409449,20.5236220472441,17.8188976377953,48.2952755905512,13.4448818897638,19.3110236220472,10.1062992125984,17.9842519685039,42.488188976378,26.7755905511811,23.988188976378,17.5944881889764,28.0905511811024,67.1259842519685,17.0905511811024,57.5,27.8818897637795,65.1614173228347,33.011811023622,5.44488188976378,29.8425196850394,14.8346456692913,47.2874015748031,23.3149606299213,15.2992125984252,34.9488188976378,20.996062992126,16.9803149606299,30.3110236220472,77.9842519685039,24.3503937007874,20.0314960629921,20.003937007874,17.5708661417323,24.2165354330709,0,0.00806451612903226,7.5511811023622,23.0551181102362,30.7677165354331,22.9685039370079,20.6456692913386,27.6181102362205,40.5314960629921,34.1732283464567,19.3425196850394,28.1692913385827,31.8818897637795,438.393700787402,1,1,2
"m20",59,59,0,1,0,0,1.05084745762712,0.000822903255776914,1.96610169491525,6.47457627118644,46.2372881355932,0.433728813559322,0.425254237288136,0.43961296010957,0.448914515532482,0.457877525328933,0,0.322033898305085,0.0000322033898305085,0.0000266101694915254,0.0000288305084745763,1.03389830508475,8.50847457627119,88.2033898305085,909.135593220339,55.4576271186441,65.5762711864407,491.101694915254,0.203389830508475,0.169491525423729,0.0677966101694915,12.4237288135593,14.6271186440678,7.71186440677966,29.4237288135593,20.2033898305085,17.2203389830508,22.0677966101695,19.8135593220339,65.2372881355932,13.0338983050847,19.8135593220339,10.2033898305085,19.6271186440678,49.7118644067797,27.4576271186441,26.0508474576271,21.6440677966102,28.6779661016949,80.4576271186441,18.8474576271186,62.1694915254237,31.7118644067797,90.0169491525424,37.8305084745763,5.47457627118644,37.1016949152542,18.2203389830508,57.5593220338983,26.5254237288136,20.1694915254237,36.9322033898305,21.7627118644068,17.728813559322,32.7457627118644,119.305084745763,30.2033898305085,19.2033898305085,22,19.8983050847458,26.3559322033898,0.0196078431372549,0.0350877192982456,12.6101694915254,23.1694915254237,32.9152542372881,26.5932203389831,21.3050847457627,30.2542372881356,42.6440677966102,37.4406779661017,22.3559322033898,29.9322033898305,34.728813559322,446.898305084746,1,2,2
"d801",61,61,0,1,0,0,1.61290322580645,0.0225806451612903,1.35483870967742,3.32258064516129,24.3064516129032,0.488225806451613,0.420838709677419,0.413057629519409,0.413048313398958,0.41058951937861,0.0161290322580645,0.145161290322581,0.0000145161290322581,0.000015,0.0000126129032258065,0.548387096774194,5.75806451612903,54.758064516129,526.112903225806,36.7096774193548,40.2903225806452,308.048387096774,0.0483870967741935,0.032258064516129,0.0161290322580645,7.24193548387097,11,4.04838709677419,20.1129032258065,11.7258064516129,10.4032258064516,15.2096774193548,10.4516129032258,40.3870967741936,8.74193548387097,13.4354838709677,7.43548387096774,12.2741935483871,34.3709677419355,17.4516129032258,14.0645161290323,13.4193548387097,19.2096774193548,71.5806451612903,11.0483870967742,43,24.1290322580645,52.0967741935484,22.5,3.45161290322581,20.4032258064516,9.74193548387097,35.3870967741936,15.6935483870968,8.80645161290323,22.9193548387097,13.5645161290323,11.3709677419355,19.4516129032258,77.3548387096774,16.3548387096774,15.7741935483871,16.5806451612903,11.9838709677419,16.2258064516129,0,0,3.5,13.9677419354839,19.3225806451613,15.5483870967742,14.2258064516129,18.7741935483871,26.9193548387097,23.2741935483871,13.5161290322581,17.7903225806452,20.758064516129,294.548387096774,1,3,3
"y2.5",52,52,0,1,0,0,2.19230769230769,0.0192307692307692,2.67307692307692,6.42307692307692,50.7115384615385,0.413269230769231,0.424057692307692,0.427175,0.445280200657859,0.452319874987173,0,0.173076923076923,0.0000173076923076923,0.0000317307692307692,0.0000306153846153846,0.711538461538462,7.76923076923077,89.8076923076923,854.538461538462,65.3076923076923,68.6730769230769,451.096153846154,0.115384615384615,0.0961538461538462,0.0769230769230769,9.03846153846154,18.25,7.82692307692308,28.1538461538462,23.0576923076923,18.4230769230769,24.7307692307692,28.1346153846154,80.3461538461538,12.9807692307692,21.9615384615385,11.25,28.3076923076923,54.1923076923077,23.0961538461538,18.3846153846154,20.7692307692308,26.8653846153846,90.4423076923077,20.5961538461538,85.8076923076923,41.1153846153846,89.5192307692308,34.9230769230769,5.67307692307692,25.4423076923077,18.3269230769231,65.9807692307692,24.0576923076923,15.0769230769231,37.0576923076923,21.7307692307692,21.1153846153846,35.2884615384615,132.884615384615,15.0384615384615,24.8846153846154,26.25,23.3653846153846,24.6346153846154,0,0,6.76923076923077,31.7115384615385,34.9615384615385,27.8269230769231,24.7115384615385,30.1923076923077,53.9807692307692,42.9615384615385,23.9807692307692,34.4038461538462,38.5576923076923,438.192307692308,0,0,0
"y3",93,93,0,1,0,0,1.60215053763441,0.010752688172043,2.41935483870968,6.35483870967742,39.741935483871,0.558064516129032,0.447344086021505,0.440272043010753,0.442115268817204,0.439992780222008,0.010752688172043,0.258064516129032,0.0000258064516129032,0.0000229032258064516,0.000022,0.795698924731183,8.68817204301075,89,830.903225806452,58.3763440860215,64.9247311827957,458.537634408602,0.193548387096774,0.172043010752688,0.0752688172043011,13.5161290322581,15.0645161290323,7.59139784946237,30.258064516129,18.7204301075269,15.1290322580645,20.9462365591398,20.1827956989247,49.3763440860215,13.1075268817204,20.8494623655914,10.2150537634409,21.0752688172043,45.6559139784946,26.0430107526882,24.7204301075269,18.5806451612903,28.3548387096774,58.2043010752688,18.0322580645161,67.1720430107527,33.0322580645161,90.505376344086,34.8387096774194,5.73118279569892,27.3655913978495,17.6344086021505,53.0645161290323,25.4193548387097,13.1720430107527,35.6021505376344,19.3225806451613,17.6236559139785,30.9569892473118,80.8172043010753,12.6344086021505,21.4086021505376,21.494623655914,18.6129032258065,23.3655913978495,0,0,7.96774193548387,24.6021505376344,32.7956989247312,25.9139784946237,23.3870967741935,29.5483870967742,40.4731182795699,35.5913978494624,21.4086021505376,30.2258064516129,35.3870967741936,445.354838709677,1,1,1
"d1584",28,28,0,1,0,0,1.71428571428571,0.0349854227405248,1.92857142857143,4.96428571428571,25.5357142857143,0.457857142857143,0.406571428571429,0.418454291382645,0.428758824472645,0.431347268602618,0,0.178571428571429,0.0000178571428571429,0.0000178571428571429,0.0000176785714285714,0.714285714285714,7.17857142857143,66.4285714285714,657.678571428571,41.8571428571429,49.6785714285714,330.964285714286,0.214285714285714,0.111111111111111,0.0357142857142857,13.3928571428571,9.53571428571429,6.5,32.5357142857143,22.7857142857143,15.7857142857143,18.8571428571429,21.7857142857143,40.75,8.85714285714286,20.2142857142857,7.75,23.1428571428571,34.2857142857143,17.8928571428571,18.6428571428571,17.6785714285714,22.7142857142857,66.8214285714286,16.4285714285714,52.1428571428571,28.6785714285714,101.321428571429,24.4642857142857,3.89285714285714,24.7142857142857,18.8214285714286,46.3928571428571,18.7142857142857,12.5714285714286,25,14.6785714285714,13.7142857142857,23.3928571428571,75.2142857142857,10.4642857142857,18.8928571428571,19.25,17,18.7857142857143,0,0,4.92857142857143,19.0714285714286,23.1071428571429,20.3928571428571,16.5714285714286,22.1428571428571,30.6428571428571,27.7142857142857,14.9285714285714,21.6428571428571,25.5,313.321428571429,0,0,0
"y5",20,20,0,1,0,0,1.95,0.05,2.15,4.35,59.8,0.42,0.42455,0.438025,0.45661,0.47506413552458,0,0.1,0.00001,0.0000275,0.00003465,1,7.9,94.35,962.3,56.55,62.55,416.45,0.1,0,0,12.15,16.35,6.15,11.55,16.2,16.25,18.85,16.4,102.95,13.95,16,12.15,18.9,68.6,17.75,12.3,16.95,29,107.85,16.4,72.25,36.6,40.15,32.9,5.15,22.25,13.6,73.8,15.6,8.2,36.75,22.25,27.7,39.9,177.85,9.55,21.9,24.3,15.15,24.85,0,0,4.9,24.8,26.95,21.95,23.2,27.7,42.8,34.9,18.75,31.1,32.9,414.6,0,0,0
